mlbamID,Name,BDB,statsID,cbsID,espnFantasyID
446481,Sean Rodriguez,,8224,490329,29105
477054,Trayvon Robinson,,9008,1603040,29639
605200,Zach Davies,,10070,2167465,33829
572180,Andrew Susac,,9131,1937573,32062
518649,Brett Eibner,,,1806274,31276
514917,Cesar Hernandez,,9411,1784924,31130
608349,Corey Knebel,,9712,2066314,33206
570267,Domingo Santana,,9753,1958810,31931
520471,Freddy Galvis,,9132,1603347,29670
545350,Jake Marisnick,,9340,1804287,31195
519110,Joe Paterson,,8897,1787644,30992
489365,Josh Thole,,8569,1661439,30188
458708,Josh Tomlin,,8769,1758835,30944
519388,Josh Vitters,,8679,1232134,29978
476205,Josh Wall,,9239,1915317,32039
425545,Josh Willingham,,7373,383458,6024
425543,Josh Wilson,,7663,292457,6429
473646,Josh Zeid,,9475,2039176,31767
500887,Josmil Pinto,,9505,1961512,31851
434663,Juan Carlos Oviedo,,7541,533057,6272
518542,Juan Centeno,,9529,1812645,31443
501726,Juan Diaz,,9195,1207704,
544269,Juan Duran,,,1804104,31181
464433,Juan Francisco,,8598,1600671,29601
434641,Juan Gutierrez,,8093,533053,28857
462089,Juan Jaime,,9738,1725226,30423
501571,Juan Lagares,,9377,1811887,31410
573668,Juan Minaya,,,2210084,34845
504379,Juan Nicasio,,8942,1725393,30511
543633,Juan Perez,,9428,1794785,32011
448722,Juan Perez,,,,28605
407487,Juan Rivera,,6805,225428,4956
346874,Juan Uribe,,6698,212040,4657
474865,Julio Borbon,,8519,1262282,30014
573650,Julio Morban,,,2027443,32596
527054,Julio Teheran,,8846,1718082,31091
471822,Jumbo Diaz,,9739,288902,29839
628356,Jung Ho Kang,,9884,2166699,33689
547749,Junichi Tazawa,,8392,1655261,30095
448855,Junior Guerra,,9989,2171701,34241
516809,Junior Lake,,9466,1740956,30718
595777,Jurickson Profar,,9112,1796123,31117
571506,Justin Bour,,9723,1741754,31453
451629,Justin Christian,,8283,1226047,29167
518603,Justin De Fratus,,9085,1784923,30976
543178,Justin Freeman,,9369,1811045,31382
430683,Justin Germano,,7334,448929,5971
518748,Justin Grimm,,9216,1989422,31753
476123,Justin Marks,,9677,2027409,32608
475416,Justin Masterson,,8194,1262692,28977
452239,Justin Maxwell,,8124,1208665,28896
502522,Justin Miller,,9366,1810726,31364
408047,Justin Morneau,,7063,288974,5379
592593,Justin Nicolino,,9588,1935824,31708
592604,Justin O'Conner,,10149,1757990,31828
448605,Justin Ruggiano,,8145,1103292,28922
451088,Justin Sellers,,9016,1599180,29488
475253,Justin Smoak,,8653,1630092,30175
476206,Justin Thomas,,8360,1207708,29244
457759,Justin Turner,,8588,1600680,29607
457708,Justin Upton,,8080,593198,28841
434378,Justin Verlander,,7590,530362,6341
458677,Justin Wilson,,9272,1795985,31026
592230,Kaleb Cowart,,9324,1765803,31648
434180,Kameron Loe,,7465,522449,6136
572751,Keith Butler,,9416,2027415,32598
594857,Keith Hessler,,10046,1962288,32459
605509,Kelby Tomlinson,,10043,2119960,33394
571633,Kelly Dugan,,,2107841,31787
430637,Kelly Johnson,,7558,292279,6295
431159,Kelly Shoppach,,7493,484146,6200
516969,Kelvin Herrera,,9089,1897843,32029
571704,Ken Giles,,9729,2044511,32762
594977,Ken Roberts,,9955,2167596,33865
608665,Kendall Graveman,,9821,2146204,33636
572309,Kendry Flores,,9968,2107846,31793
434778,Kendrys Morales,,7481,534114,6188
445276,Kenley Jansen,,8758,1208718,29630
573627,Kennys Vargas,,9592,2052567,33012
547887,Kensuke Tanaka,,9458,2042096,32585
628317,Kenta Maeda,,10105,2215993,34892
542979,Keon Broxton,,10093,1740911,30755
605309,Keone Kela,,9916,2121080,33497
606466,Ketel Marte,,10036,1963334,32512
607345,Kevan Smith,,,2036155,32618
502087,Kevin Chapman,,9487,1960523,31691
429781,Kevin Correia,,7178,401204,5580
435623,Kevin Frandsen,,7749,546041,6528
592332,Kevin Gausman,,9334,2000033,32667
276514,Kevin Gregg,,7206,174914,5641
448178,Kevin Jepsen,,8380,1209013,29265
595281,Kevin Kiermaier,,9538,1812666,31446
450260,Kevin Kouzmanoff,,7864,486543,28585
543503,Kevin Mattison,,9178,1740966,30681
576409,Kevin Munson,,,1918582,31538
607680,Kevin Pillar,,9490,2046044,32859
608700,Kevin Plawecki,,9596,2066320,33132
534812,Kevin Quackenbush,,9683,1960793,32396
543779,Kevin Siegrist,,9426,1937342,32059
458713,Kevin Slowey,,7968,1102931,28692
460128,Kevin Whelan,,8964,1200060,30530
572102,Keyvius Sampson,,10033,1846228,31932
501981,Khris Davis,,9351,1813268,31478
451500,Kila Ka'aihue,,8363,1208721,29248
489446,Kirby Yates,,9727,2036146,32623
543590,Kirk Nieuwenhuis,,9152,1667064,30218
493157,Koji Uehara,,8394,1657590,30130
594777,Kole Calhoun,,9191,1811964,31413
543939,Kolten Wong,,9103,1894637,32061
425542,Koyie Hill,,7059,288961,5385
592178,Kris Bryant,,9558,2071263,33172
453241,Kris Johnson,,9495,1662779,30163
450665,Kris Medlen,,8475,1647778,30264
502117,Kristopher Negron,,9210,1600292,29307
435559,Kurt Suzuki,,8052,546504,28802
607457,Kyle Barraclough,,10045,2186085,34830
452035,Kyle Blanks,,8413,1543508,29724
605195,Kyle Crick,,9626,1947854,32171
641490,Kyle Crockett,,9706,2120406,33413
434678,Kyle Davies,,7501,,6208
475138,Kyle Drabek,,8656,1184316,29965
150035,Kyle Farnsworth,,6210,21546,4049
502043,Kyle Gibson,,8864,1739665,31053
543294,Kyle Hendricks,,9758,2108023,33173
452718,Kyle Kendrick,,8053,1225738,28804
605323,Kyle Kubitza,,9994,2046358,32865
543456,Kyle Lobstein,,9794,1846225,31756
346798,Kyle Lohse,,6751,223481,4789
519015,Kyle McPherson,,9273,2007973,31069
592621,Kyle Parker,,9568,1765820,31953
594986,Kyle Ryan,,9798,2118877,33318
656941,Kyle Schwarber,,9861,2135243,33712
572122,Kyle Seager,,8984,1741002,30819
543788,Kyle Skipworth,,9360,1660695,31021
592835,Kyle Waldrop,,10037,1804107,31183
605452,Joe Ross,,9987,1894640,32684
434578,Joe Saunders,,7621,533017,6383
456045,Joe Savery,,9086,1232131,29677
501925,Joe Smith,,7997,1205585,28729
491159,Joe Thatcher,,8076,1208680,28836
543921,Joe Wieland,,9153,1840203,31856
468528,Joel Carreno,,9021,1784929,31515
430629,Joel Hanrahan,,7991,448935,28715
407908,Joel Peralta,,7553,538896,6287
570257,Joely Rodriguez,,,2107842,33104
542994,Joey Butler,,9482,1670450,30640
608336,Joey Gallo,,9630,2007960,32818
572073,Joey Rickard,,,2050343,32952
519345,Joey Terdoslavich,,9451,1804766,31224
458015,Joey Votto,,7946,547434,28670
621563,Joey Wendle,,,2052585,33017
276371,Johan Santana,,6441,174948,4280
446099,John Axford,,8583,1707287,30378
434633,John Baker,,8297,532994,29183
407833,John Buck,,7056,284577,5407
607405,John Cornely,,9942,2120723,33470
433579,John Danks,,7808,538912,28508
518655,John Ely,,,1669642,30940
607231,John Gant,,,2209984,34841
518713,John Gast,,9396,1804070,31161
452105,John Hester,,8568,1603027,29788
543308,John Hicks,,10059,1956975,32255
458720,John Holdzkom,,9836,2146195,33634
444379,John Jaso,,8368,1392901,29255
407793,John Lackey,,6953,223559,5203
543424,John Lamb,,8860,1757972,30994
458709,John Lannan,,8074,1236946,28834
460055,John Mayberry Jr.,,8496,1537187,30042
150348,John McDonald,,6269,21632,4108
571974,John Ryan Murphy,,9509,1813193,31477
592127,Johnny Barbato,,,2034701,32613
456501,Johnny Cueto,,8172,288900,28955
543213,Johnny Giavotella,,9010,1793166,31128
518782,Johnny Hellweg,,9444,1915035,31839
476192,Johnny Monell,,9522,1733550,30561
457754,Jon Edwards,,9790,2121037,33476
592351,Jon Gray,,9567,2066291,33203
445055,Jon Jay,,8717,1661504,29691
452657,Jon Lester,,7790,580589,28487
621209,Jon Moscot,,9985,2166444,33679
477003,Jon Niese,,8333,1537190,29219
572138,Jon Singleton,,9099,1754162,31206
452293,Jonathan Albaladejo,,8125,1262923,28897
608167,Jonathan Aro,,10010,2171856,34481
455009,Jonathan Broxton,,7613,558833,6370
502409,Jonathan Diaz,,9447,1603345,33087
468406,Jonathan Herrera,,8235,1102926,29119
518960,Jonathan Lucroy,,8609,1657581,30456
449097,Jonathan Papelbon,,7614,549684,6373
543643,Jonathan Pettibone,,9374,1937141,31849
456043,Jonathan Sanchez,,7777,585911,28472
570731,Jonathan Schoop,,9104,1840090,31988
542340,Jonathan Villar,,9468,292100,31973
430404,Jonny Gomes,,7245,433807,5860
458924,Jonny Venters,,8709,1725409,30509
488740,Jordan Brown,,8681,1098899,29368
458668,Jordan Danks,,8682,1665404,30449
543475,Jordan Lyles,,8856,1717424,31061
467099,Jordan Norberto,,8704,1669887,30406
457574,Jordan Pacheco,,9067,1736379,30605
457788,Jordan Schafer,,8188,1208745,28971
477229,Jordan Walden,,8686,1520602,29323
519455,Jordan Zimmermann,,8400,1619230,30209
518170,Jordany Valdespin,,9161,1741768,30907
474568,Jordy Mercer,,9198,1667441,30687
595751,Jorge Alfaro,,9631,1846227,31737
593528,Jorge Bonifacio,,9867,1947841,32153
407822,Jorge De La Rosa,,7281,284591,5906
501529,Jorge De Leon,,9485,1784764,31059
605347,Jorge Lopez,,10096,2167482,33833
593871,Jorge Polanco,,9750,2106657,32525
504083,Jorge Rondon,,9676,2025591,32654
624585,Jorge Soler,,9228,1988873,32558
547989,Jose Abreu,,9540,2106364,33095
514888,Jose Altuve,,8996,1839905,31662
501625,Jose Alvarez,,9429,1945280,32099
461766,Jose Arredondo,,8231,580578,29113
430832,Jose Bautista,,7264,392528,5890
542585,Jose Cisnero,,9375,2044205,31673
468429,Jose Constanza,,9001,1208699,29367
473265,Jose De La Torre,,9393,2042077,31663
517059,Jose De Paula,,10001,1915102,31783
523848,Jose Dominguez,,9448,2067931,33088
605228,Jose Fernandez,,9323,1894631,32567
578428,Jose Iglesias,,8848,1707364,30382
600917,Jose Leclerc,,,2170066,33926
446653,Jose Lobaton,,8521,1104376,29710
500874,Jose Martinez,,,1208943,31275
467726,Jose Mijares,,8351,580593,29236
514639,Jose Ortega,,9209,1784664,31514
606299,Jose Peraza,,9857,1962826,32470
517369,Jose Pirela,,9843,1741055,30817
500779,Jose Quintana,,9176,1913316,32106
608070,Jose Ramirez,,9507,2044495,32801
542432,Jose Ramirez,,9707,2027419,32603
408314,Jose Reyes,,7066,288917,5411
602922,Jose Rondon,,10209,2044485,32759
467798,Jose Tabata,,8647,1099004,29469
600526,Jose Torres,,,2210105,34847
570632,Jose Urena,,9931,2053483,33107
451990,Jose Valdez,,8905,1604395,29468
572308,Jose Valdez,,10035,2107834,33109
407878,Jose Valverde,,7151,284649,5504
407842,Jose Veras,,7799,284651,28498
277417,Josh Beckett,,6403,174887,4242
605137,Josh Bell,,9883,1940495,32517
458679,Josh Bell,,,1208691,29634
518567,Josh Collmenter,,8904,1784689,31090
518626,Josh Donaldson,,8723,1493883,29563
572831,Josh Edgin,,9235,1953528,32198
451661,Josh Fields,,9357,1663430,30213
435222,Josh Fields,,,541101,28614
285078,Josh Hamilton,,6679,174916,4652
543281,Josh Harrison,,8950,1670494,30934
435178,Josh Johnson,,7669,546234,6435
448337,Josh Kinney,,7806,1113312,28506
458676,Josh Lindblom,,8428,1667061,30585
518961,Josh Lueke,,8896,1757683,30980
607294,Josh Martin,,,2211469,34881
592612,Josh Osich,,10021,2042093,32665
489189,Josh Outman,,8371,1447030,29251
572033,Josh Phegley,,9452,1732763,30600
572389,Josh Prince,,9362,1740993,30660
502051,Josh Ravin,,9984,2027389,32604
502210,Josh Reddick,,8544,1662780,30195
502158,Josh Roenicke,,8382,1499974,29268
592710,Josh Rutledge,,9237,1947835,32144
543744,Josh Satin,,9044,1807486,31297
595001,Josh Smith,,9928,2169869,34719
519294,Josh Smoker,,,1539226,29651
543805,Josh Spence,,8973,1841389,31817
502139,Josh Stinson,,9043,1741013,30614
622092,Kyle Zimmer,,9335,2000030,32689
608703,Matt Reynolds,,9913,2050711,32980
519186,Matt Reynolds,,8788,1736381,30604
533167,Matt Shoemaker,,9534,1937337,32058
592781,Matt Stites,,9737,2034703,32614
519333,Matt Szczur,,9791,1757995,31337
407819,Matt Thornton,,7212,224395,5650
595441,Matt Tracy,,9925,2040758,32645
449168,Matt Tuiasosopo,,8367,541519,29254
519411,Matt West,,9498,1915133,32034
446308,Matt Wieters,,8395,1232135,29287
605538,Matt Wisler,,9619,2044514,32802
457568,Matt Young,,8886,1665622,
621381,Matthew Strahm,,,2210233,34862
606291,Mauricio Cabrera,,,2042935,32809
500909,Mauricio Robles,,8899,1732487,30451
596146,Max Kepler,,10095,2044504,31870
621559,Max Moroff,,,2171093,34058
571970,Max Muncy,,9606,2106304,33303
453286,Max Scherzer,,8193,1225651,28976
545358,Max Stassi,,9496,1727686,30429
515052,Mayckol Guaipe,,9981,2159841,33607
466320,Melky Cabrera,,7595,547679,6347
444859,Melky Mesa,,9308,1670557,31022
542235,Melvin Mercedes,,9789,2027407,32590
425834,Melvin Upton Jr.,,7333,390784,5970
608672,Micah Johnson,,9560,2065092,33149
452249,Micah Owings,,7936,1098982,28660
518468,Michael Blazek,,9408,2027414,32597
456422,Michael Bourn,,7828,548112,28535
476601,Michael Bowden,,8341,1539221,29225
488726,Michael Brantley,,8575,1103277,30043
574831,Michael Choice,,9510,1758971,31959
624424,Michael Conforto,,9875,2135247,33711
150212,Michael Cuddyer,,6637,23606,4604
593140,Michael Feliz,,9978,2117128,33235
605242,Michael Fulmer,,10179,2007003,34842
283166,Michael Gonzalez,,7207,2120491,5642
457779,Michael Kirkman,,8790,1725466,30571
543409,Michael Kohn,,8770,1735055,30565
547179,Michael Lorenzen,,9949,2066707,33252
592527,Michael Mariot,,9669,1961062,32409
492841,Michael Martinez,,8887,1670362,30986
502374,Michael McKenry,,8819,1537188,30529
434604,Michael Morse,,7562,489791,6300
501381,Michael Pineda,,8759,1741763,30937
605439,Michael Reed,,10097,1956973,32260
607706,Michael Roth,,9368,2044116,32739
459431,Michael Saunders,,8538,1208675,29505
452741,Michael Stutes,,8912,1741616,30886
572191,Michael Taylor,,9784,1954849,32219
446345,Michael Taylor,,8642,1680621,30460
543859,Michael Tonkin,,9454,2027421,32594
608379,Michael Wacha,,9329,2001081,32640
573589,Michael Ynoa,,,2027426,31770
493547,Mickey Storey,,9257,2000126,32564
646057,Miguel Alfredo Gonzalez,,9641,2074923,33093
602083,Miguel Almonte,,9580,2044500,32768
408234,Miguel Cabrera,,7163,288897,5544
612434,Miguel Castro,,9903,2167491,33820
456068,Miguel Gonzalez,,8437,1208713,29310
544838,Miguel Gonzalez,,9515,1732742,30599
471083,Miguel Montero,,7865,580594,28586
400018,Miguel Olivo,,7028,223565,5355
500743,Miguel Rojas,,9726,1670123,30791
593934,Miguel Sano,,9110,1739669,31260
462515,Miguel Socolovich,,9238,1795984,31024
430606,Mike Adams,,7332,392251,5969
449107,Mike Aviles,,8260,490430,29145
488689,Mike Baxter,,8820,1200050,29723
506988,Mike Belfiore,,9397,2027404,31692
502211,Mike Bolsinger,,9673,2044105,32737
458678,Mike Broadway,,9995,1795904,31112
455077,Mike Carp,,8512,1205578,29660
605182,Mike Clevinger,,,2044484,32769
453068,Mike Costanzo,,8879,1103299,29020
445197,Mike Dunn,,8576,1654379,30081
455091,Mike Ekstrom,,8376,1209009,29261
571666,Mike Fiers,,9078,1740929,30773
592314,Mike Foltynewicz,,9577,1757989,31819
430917,Mike Fontenot,,7427,479205,6098
408312,Mike Jacobs,,7623,288909,23283
592464,Mike Kickham,,9409,2042092,31871
502190,Mike Leake,,8680,1733668,30465
213680,Mike MacDougal,,6666,174709,4634
501873,Mike McClendon,,8786,1765050,30949
453454,Mike McCoy,,8591,1667922,30380
501985,Mike Minor,,8781,1735792,30624
543557,Mike Montgomery,,8684,1708184,31092
573046,Mike Morin,,9687,2050371,32949
519058,Mike Moustakas,,8685,1232128,29999
435063,Mike Napoli,,7754,293103,28444
435081,Mike Nickeas,,8808,538914,29665
572000,Mike Ohlman,,,2052620,33026
592609,Mike Olt,,9254,1757980,31218
460059,Mike Pelfrey,,7807,585032,28507
572175,Mike Strong,,,2159721,33647
545361,Mike Trout,,8861,1739608,30836
605541,Mike Wright,,9964,1958128,32291
489448,Mike Zagurski,,8037,1224207,28782
572287,Mike Zunino,,9322,2000025,32657
543484,Mikie Mahtook,,9895,1894646,32141
571945,Miles Mikolas,,9173,1946522,32116
518771,Mitch Harris,,9939,2050722,32974
430574,Mitch Maier,,7899,448948,28624
519048,Mitch Moreland,,8772,1666536,30452
459939,Mitchell Boggs,,8268,1537179,29152
501213,Moises Sierra,,9251,1666824,30675
572080,Montreal Robertson,,,2044497,32772
605141,Mookie Betts,,9552,2106654,33039
493128,Munenori Kawasaki,,9134,1935585,32047
571710,Mychal Givens,,10003,1958127,31618
502264,Nate Adcock,,8893,1753910,31518
474384,Nate Freiman,,9352,1740932,30721
518858,Nate Jones,,9141,1784687,31136
434661,Nate McLouth,,7513,392541,6220
435625,Nate Schierholtz,,8054,490437,28815
460621,Nate Spears,,9059,1665408,30642
543135,Nathan Eovaldi,,9007,1803864,31174
501992,Nathan Karns,,9410,2027437,32607
425840,Neal Cotts,,7209,390801,5644
596331,Nefi Ogando,,10060,2159840,33642
491703,Neftali Feliz,,8405,1623768,30149
519304,Neftali Soto,,9399,1670959,30850
519166,Neil Ramirez,,9682,1804112,29942
474599,Neil Wagner,,9033,1806124,31249
435522,Neil Walker,,8571,545787,29590
443558,Nelson Cruz,,7681,530355,6242
502213,Nevin Ashley,,10084,1663585,30211
605113,Nick Ahmed,,9751,1959715,32355
502544,Nick Buss,,9533,1960787,32384
592206,Nick Castellanos,,9108,1765816,31187
543023,Nick Christiani,,9500,1811044,31391
452783,Nick Evans,,8258,1598984,29143
545338,Nick Franklin,,9115,1740931,30661
580792,Nick Goody,,10030,2040764,32646
407797,Nick Green,,6888,225364,
572889,Nick Greenwood,,9733,1759017,32057
444935,Nick Hagadone,,9028,1731942,29992
460026,Nick Hundley,,8294,1200053,29180
592468,Nick Kingham,,9614,2076843,31874
595297,Nick Lee,,,2209983,34843
455976,Nick Markakis,,7707,547591,6478
543488,Nick Maronde,,9280,1947823,32138
607259,Nick Martinez,,9651,2119647,33372
434665,Nick Masset,,7805,541517,28505
519082,Nick Noonan,,9353,1587075,30307
346857,Nick Punto,,6793,129299,4946
592705,Nick Rumbelow,,10007,2167452,33850
430897,Nick Swisher,,7435,392256,5937
519344,Nick Tepesch,,9346,2040772,32700
607374,Nick Tropeano,,9827,2053482,33170
543883,Nick Vincent,,9189,1915104,31540
621295,Nick Wittgren,,10130,2117127,33267
592789,Noah Syndergaard,,9597,1757988,31730
598287,Noe Ramirez,,10022,2050706,32972
571448,Nolan Arenado,,9105,1755142,31261
545337,Nolan Fontana,,,2044225,32746
460099,Nolan Reimold,,8191,1200078,28974
608577,Nomar Mazara,,10000,2044518,32820
493114,Nori Aoki,,9094,1937143,32053
460579,Nyjer Morgan,,8116,1099503,28885
628333,Odrisamer Despaigne,,9713,2132830,33617
546318,Odubel Herrera,,9906,2046496,32868
543118,Oliver Drake,,9311,1915128,31615
424144,Oliver Perez,,6945,225417,5192
408299,Omar Infante,,7016,225374,5339
435560,Omar Quintanilla,,7615,490393,6374
435408,Omir Santos,,8374,542704,29259
607162,Onelki Garcia,,9532,2044532,32774
606115,Orlando Arcia,,9871,2041500,32530
593525,Orlando Calixte,,9937,2044530,32775
591712,Oscar Hernandez,,9899,2118148,33296
570805,Oscar Taveras,,9297,1804467,31207
542455,Oswaldo Arcia,,9342,1803783,31262
502208,P.J. Walters,,8448,1537194,29701
467055,Pablo Sandoval,,8326,585912,29212
572089,Paco Rodriguez,,9306,2011399,32579
592170,Parker Bridwell,,,2118843,31607
534737,Pat Dean,,,2119259,31664
572990,Pat Light,,,2051272,34389
519003,Pat McCoy,,9743,2038849,32630
450212,Pat Neshek,,7792,549738,28489
519381,Pat Venditte,,9986,1813194,31475
571578,Patrick Corbin,,9168,1758836,31313
623182,Patrick Kivlehan,,10150,2114649,33389
518560,Paul Clemens,,9363,1915033,31609
502671,Paul Goldschmidt,,8967,1765052,31027
457926,Paul Janish,,8245,1099426,29130
430904,Paul Maholm,,7636,482825,6398
449181,Paulo Orlando,,9918,1208670,29357
476883,Pedro Alvarez,,8645,1630071,29962
520980,Pedro Baez,,9695,1670544,30694
474039,Pedro Beato,,8878,1630072,30989
465674,Pedro Ciriaco,,8822,1654332,30084
408230,Pedro Feliciano,,6995,225355,5314
471896,Pedro Figueroa,,9159,1725469,30558
465753,Pedro Florimon,,9069,1209012,30310
517060,Pedro Hernandez,,9242,1915103,32040
600474,Pedro Severino,,10077,2118146,33299
467008,Pedro Strop,,8565,1392909,29763
543881,Pedro Villarreal,,9285,1915314,32083
518902,Pete Kozma,,8934,1733857,30011
434681,Pete Orr,,7424,292414,6088
488721,Peter Bourjos,,8777,1099038,29318
493247,Peter Moylan,,7728,1102973,6500
598284,Peter O'Brien,,9901,2116989,33179
457435,Phil Coke,,8350,1638998,29235
594838,Phil Gosselin,,9492,1804763,31222
461833,Phil Hughes,,7913,584965,28638
572947,Phil Irwin,,9344,2027412,31807
607309,Phil Klein,,9777,2141175,33625
458950,Philip Humber,,7873,546232,28596
518418,Phillippe Aumont,,8643,1499971,29501
572955,Pierce Johnson,,9559,2044525,32777
502011,Preston Claiborne,,9389,1958827,32309
543258,Preston Guilmet,,9453,2040032,31799
605512,Preston Tucker,,9958,2066800,33066
425902,Prince Fielder,,7290,390862,5915
450641,Quintin Berry,,9194,1603009,30418
285079,R.A. Dickey,,6708,174972,4695
571439,R.J. Alvarez,,9837,2044115,32730
467785,Radhames Liz,,8095,1179743,28858
429783,Rafael Betancourt,,6146,223412,3985
503569,Rafael Dolis,,9088,1725474,30514
279577,Rafael Furcal,,6404,174989,4243
607257,Rafael Lopez,,9829,2040996,32647
514669,Rafael Martin,,9932,1928686,32043
606160,Rafael Montero,,9598,2038824,32631
542364,Rafael Ortega,,9313,2017392,31833
460370,Rafael Perez,,7736,580526,6512
400089,Rafael Soriano,,6662,210750,4600
501255,Rafael Ynoa,,9812,1741392,30866
606132,Raimel Tapia,,9864,2117124,33264
628452,Raisel Iglesias,,9902,2135575,33618
434658,Rajai Davis,,7835,533048,28545
455369,Ramiro Pena,,8441,594100,30121
541608,Ramon Cabrera,,10071,1946293,32117
570717,Ramon Flores,,9979,2027422,31617
150421,Ramon Hernandez,,6258,21581,4097
430673,Ramon Ramirez,,7730,448960,6503
421124,Ramon Santiago,,6933,292697,5178
593527,Ramon Torres,,,2121322,33519
470462,Ramon Troncoso,,8210,1402914,29084
545341,Randal Grichuk,,9689,1745354,31399
517414,Randall Delgado,,8847,1753999,31093
329092,Randy Choate,,6513,196266,4440
600968,Randy Rosario,,,2210205,34857
150116,Randy Wolf,,6248,127132,4087
592660,Rangel Ravelo,,,2159730,31933
612272,Raudel Lazo,,10080,2042432,32673
593417,Raul Alcantara,,,1947850,32119
609275,Raul Mondesi,,9581,2044531,32821
447744,Raul Valdes,,8706,541521,30889
605143,Ray Black,,,2160178,33656
408232,Ray Olmedo,,7142,225413,5508
572017,Red Patterson,,9690,2049621,33025
407862,Reed Johnson,,7118,225381,5452
458582,Reid Brignac,,7983,1205546,28707
600524,Renato Nunez,,10137,2044537,32778
425784,Rene Rivera,,7458,390822,6128
571521,Rex Brothers,,8944,1757974,31083
519071,Rey Navarro,,9943,1665900,31306
571681,Reymond Fuentes,,9502,1757976,31280
462480,Rhiner Cruz,,9146,1925711,32118
448179,Rich Hill,,7578,555244,6321
572128,Richie Shaffer,,10041,2000029,32838
519144,Rick Porcello,,8419,1232129,29966
430001,Rickie Weeks,,7213,433808,5652
445060,Ricky Nolasco,,7720,580595,6491
460069,Ricky Romero,,8424,585626,30025
592596,Rico Noel,,10065,1810709,31370
542963,Rob Brantly,,9265,1794304,31133
519169,Rob Rasmussen,,9708,1795806,31017
608701,Rob Refsnyder,,9851,2120353,33411
543746,Rob Scahill,,9305,1941517,31925
543942,Rob Wooten,,9471,1961523,32424
572362,Robbie Erlin,,9379,1833103,31791
543257,Robbie Grossman,,9378,1670950,31385
592662,Robbie Ray,,9691,1947846,32175
543726,Robbie Ross Jr.,,9139,1935245,32051
435180,Robert Andino,,7648,546224,6414
518533,Robert Carson,,9165,1915130,31672
445193,Robert Coello,,8814,1769243,30958
607229,Robert Gsellman,,10199,2210220,34872
596112,Robert Stephenson,,9563,1894642,32134
433584,Roberto Hernandez,,7603,533051,6356
532077,Roberto Osuna,,9907,2042942,32693
547379,Roberto Perez,,9761,1740989,32265
429664,Robinson Cano,,7497,532997,6204
455139,Robinson Chirinos,,8990,392181,30445
502570,Rocky Gale,,10081,1960047,32353
150438,Rodrigo Lopez,,6460,21618,4336
606273,Roenis Elias,,9652,2117135,33152
465668,Roger Bernadina,,8288,547419,29173
523261,Roger Kieschnick,,9474,1667059,30470
430638,Roman Colon,,7410,448919,6071
542669,Roman Mendez,,9759,1759050,31747
596451,Roman Quinn,,10140,2044538,32779
430613,Ronald Belisario,,8442,448908,29680
591720,Ronald Torreyes,,10088,1804326,31200
430592,Ronny Cedeno,,7527,392179,6254
425661,Ronny Paulino,,7089,225415,5394
606959,Rookie Davis,,10204,2210226,34859
594011,Rosell Herrera,,9569,2090427,33103
446321,Ross Detwiler,,8123,1232126,28895
456027,Ross Ohlendorf,,7971,1200057,28695
548389,Ross Stripling,,,2044533,32789
448693,Ross Wolf,,8086,1242749,28850
596059,Rougned Odor,,9634,1947857,32170
523989,Rubby De La Rosa,,8941,1797923,31051
514913,Ruben Tejada,,8672,1595127,29661
502168,Rudy Owens,,8858,1754000,31072
628329,Rusney Castillo,,9795,2145913,33630
444453,Russ Canzler,,9079,1670991,30238
431145,Russell Martin,,7628,483767,6390
518489,Ryan Brasier,,9388,1661452,30189
460075,Ryan Braun,,8034,1103045,28721
592166,Ryan Brett,,9935,2118902,31769
488748,Ryan Buchter,,9656,1959088,32329
475857,Ryan Cook,,8997,1850284,31532
572810,Ryan Dennick,,9820,2121277,33559
425491,Ryan Doumit,,7564,225347,6304
623430,Ryan Dull,,10074,2118864,33319
456387,Ryan Feierabend,,7887,1130580,28611
475247,Ryan Flaherty,,9144,1717082,30728
572365,Ryan Goins,,9499,1740939,30636
452672,Ryan Hanigan,,8127,585641,28899
429667,Ryan Howard,,7437,448940,6097
474249,Ryan Jackson,,9264,1804463,31213
501888,Ryan Kalish,,8626,1630083,30539
502462,Ryan Kelly,,10015,2120205,33069
534606,Ryan LaMarre,,10055,1804115,31172
407798,Ryan Langerhans,,6920,284619,5109
543432,Ryan Lavarnway,,9020,1799267,31039
489067,Ryan Lollis,,10019,1954882,32221
407886,Ryan Ludwick,,6862,223483,5036
425492,Ryan Madson,,7071,383447,5382
458919,Ryan Mattheus,,8963,1601138,30350
607320,Ryan Merritt,,,2159729,33644
594951,Ryan O'Rourke,,10025,2164750,33670
543634,Ryan Perry,,8427,1660427,30116
519151,Ryan Pressly,,9358,2029067,33072
430605,Ryan Raburn,,7454,448416,6124
474256,Ryan Reid,,9419,1945616,32109
440251,Ryan Roberts,,7826,580529,28532
434884,Ryan Rowland-Smith,,7476,535076,6183
607387,Ryan Rua,,9801,2114640,33631
595005,Ryan Strausborger,,10044,1812547,31439
435220,Ryan Sweeney,,7858,489807,28578
572193,Ryan Tepera,,9959,1945614,32107
489400,Ryan Verdugo,,9207,1794788,31013
285064,Ryan Vogelsong,,6571,174758,4514
444436,Ryan Webb,,8524,1654356,30032
543901,Ryan Weber,,10085,2121894,33563
572253,Ryan Wheeler,,9244,1741029,30758
475582,Ryan Zimmerman,,7627,564270,6389
542642,Rymer Liriano,,9621,1806911,31278
607219,Sal Romano,,,2210217,34860
521692,Salvador Perez,,9015,1793168,31127
451585,Sam Demel,,8747,1727682,30428
473879,Sam Dyson,,9231,1993841,31745
518693,Sam Freeman,,9204,1915106,32075
453539,Sam Fuld,,8133,1102962,28905
459967,Sam LeCure,,8737,1654388,30171
592815,Sam Tuivailala,,9839,2119611,33368
519301,Sammy Solis,,9951,1799468,31041
465679,Samuel Deduno,,8604,1654378,30076
506702,Sandy Leon,,9180,1928685,32101
466459,Sandy Rosario,,8834,1770534,30961
433586,Santiago Casilla,,7401,515663,6060
571697,Scooter Gennett,,9420,1803884,31175
518397,Scott Alexander,,10072,2113509,33123
425786,Scott Atchison,,7391,293126,4755
435044,Scott Baker,,7533,546225,6261
488683,Scott Barnes,,9199,1666820,30789
453222,Scott Carroll,,9685,1797885,31070
571577,Scott Copeland,,9953,2158051,33864
539438,Scott Diamond,,8989,1787649,30985
275933,Scott Downs,,6447,174677,4286
455092,Scott Elbert,,7965,1179741,28689
444857,Scott Feldman,,7622,549996,6384
430668,Scott Hairston,,7046,393032,5401
431148,Scott Kazmir,,7292,483346,5917
453186,Scott Maine,,8794,1671053,30952
543518,Scott McGough,,10054,2190046,34834
445599,Scott Moore,,7867,547900,28589
623184,Scott Oberg,,9926,2117269,33256
446488,Scott Rice,,9349,573245,30845
594988,Scott Schebler,,9988,2119521,33353
502003,Scott Sizemore,,8612,1208748,29388
607087,Scott Snodgress,,9803,2036156,32617
475100,Scott Van Slyke,,9177,1741024,30714
430634,Sean Burnett,,7073,448914,5384
592231,Sean Coyle,,,1957200,31611
448281,Sean Doolittle,,8641,1601130,30283
543219,Sean Gilmartin,,9909,1941508,32070
488936,Sean Halton,,9445,1803885,31157
445156,Sean Marshall,,7718,580592,6489
543594,Sean Nolin,,9405,2043264,32709
457711,Sean O'Sullivan,,8510,1520597,29334
489265,Sergio Romo,,8282,1587078,29168
435045,Sergio Santos,,8694,392208,29542
607625,Seth Lugo,,,2210221,34873
595307,Seth Maness,,9383,2040404,32639
519229,Seth Rosin,,9645,1937571,31946
452234,Seth Smith,,8144,549985,28920
493200,Seung Hwan Oh,,10106,2216254,34893
605894,Severino Gonzalez,,9944,2117132,33238
623406,Shae Simmons,,9716,2114065,33136
572888,Shane Greene,,9670,2040765,32704
400076,Shane Loux,,7019,223482,5342
451089,Shane Peterson,,9361,1811027,31381
453203,Shane Robinson,,8468,1667067,30358
425664,Shane Victorino,,7104,292349,5409
451788,Shaun Marcum,,7661,564466,6427
542888,Shawn Armstrong,,10047,2121144,33499
429718,Shawn Hill,,7350,448409,5993
518875,Shawn Kelley,,8439,1660812,30258
596049,Shawn Morimando,,,2210219,34866
502523,Shawn O'Malley,,9814,1740982,30711
474521,Shawn Tolleson,,9206,1957303,31886
571946,Shelby Miller,,8871,1739603,30738
425783,Shin-Soo Choo,,7498,292740,6205
611093,Silvino Bracho,,10064,2171295,34119
501563,Simon Castro,,8870,1735785,30578
435401,Skip Schumaker,,7567,392876,6307
571761,Slade Heathcott,,9828,1745355,31667
593647,Socrates Brito,,10086,1962877,32485
543243,Sonny Gray,,9459,1894635,32082
571851,Spencer Kieboom,,,2167764,33866
607359,Spencer Patton,,9826,2120864,33477
516770,Starlin Castro,,8611,1671044,30450
516782,Starling Marte,,9118,1741213,30830
552662,Stefen Romero,,9644,1953541,32204
452220,Stephen Drew,,7560,580789,6298
543155,Stephen Fife,,9241,1910548,32038
621283,Stephen Johnson,,,2210216,34851
572039,Stephen Piscotty,,9628,2044751,32842
543668,Stephen Pryor,,9202,1939520,31922
544931,Stephen Strasburg,,8562,1675980,30373
519390,Stephen Vogt,,9147,1667927,31032
571441,Steve Ames,,9472,1962292,31586
571467,Steve Baron,,10087,1732484,30570
518553,Steve Cishek,,8836,1770784,30963
502182,Steve Clevenger,,9087,1661426,30135
447755,Steve Delabar,,9066,1895303,32026
453580,Steve Edlefsen,,9022,1666688,30472
544993,Steve Geltz,,9266,1811025,31393
489002,Steve Johnson,,9205,1727408,30391
543459,Steve Lombardozzi,,9038,1740960,31996
456665,Steve Pearce,,8117,1221813,28886
519330,Steve Susdorf,,9470,1956688,32244
476270,Steve Tolleson,,8719,1103735,29437
452722,Steven Lerud,,9277,594099,29575
571927,Steven Matz,,9599,2107839,33106
570615,Steven Moya,,9816,1956965,32257
595345,Steven Okert,,10109,2167292,33716
519306,Steven Souza Jr.,,9671,1741011,30632
453214,Steven Wright,,9370,2027446,32587
516935,Stolmy Pimentel,,9508,1756631,31111
516970,Sugar Ray Marimon,,9929,2034755,32990
519008,T.J. McFarland,,9350,2029072,32680
592836,Taijuan Walker,,9321,1757981,31864
543699,Tanner Roark,,9484,1670955,31593
489294,Tanner Scheppers,,8654,1731943,30454
605214,Taylor Dugas,,10017,2120352,33420
605227,Taylor Featherston,,9917,2120251,33407
488919,Taylor Green,,9030,1623770,29405
605260,Taylor Guerrieri,,9629,1894639,32167
592398,Taylor Hill,,9746,2119329,33382
518863,Taylor Jordan,,9442,2052551,31701
543380,Taylor Jungmann,,9990,1894630,32045
592506,Taylor Lindsey,,9888,1757979,31892
600301,Taylor Motter,,,2043829,32715
573124,Taylor Rogers,,10133,2164751,33671
460003,Taylor Teagarden,,8306,593277,29191
543853,Taylor Thompson,,9769,2119520,33400
594027,Tayron Guerrero,,10145,2159842,33654
605253,Terrance Gore,,9804,2146190,33632
519403,Thad Weber,,9160,1960771,32387
474494,Thomas Field,,9081,1740928,30785
489166,Thomas Neal,,9287,1733549,30572
542921,Tim Beckham,,8691,1663586,30212
572718,Tim Berry,,9725,2107830,31605
525768,Tim Collins,,8888,1671045,30995
608641,Tim Cooney,,9947,2114446,33159
457422,Tim Dillard,,8255,1098916,29140
543148,Tim Federowicz,,9075,1669884,31038
218596,Tim Hudson,,6245,132684,4084
453311,Tim Lincecum,,7981,1182822,28705
431162,Tim Stauffer,,7500,484529,6207
543334,TJ House,,9443,2027431,32610
434298,Todd Coffey,,7514,530354,6221
592239,Todd Cunningham,,9476,1804764,31227
453943,Todd Frazier,,8629,1630078,30004
445170,Todd Redmond,,9218,1200077,30082
452733,Tom Gorzelanny,,7678,566069,6449
543408,Tom Koehler,,9294,1795805,31079
608596,Tom Murphy,,9570,2064804,33225
452666,Tom Wilhelmsen,,8883,1784885,31517
542513,Tomas Telis,,9797,2118883,33065
462102,Tommy Hanson,,8397,1616925,30191
459415,Tommy Hottovy,,8954,1740948,30736
488984,Tommy Hunter,,8312,1595123,29198
571830,Tommy Joseph,,9101,1794784,31995
592454,Tommy Kahnle,,9653,2040766,31867
600303,Tommy La Stella,,9545,1954553,32217
518927,Tommy Layne,,9270,1734604,30588
523265,Tommy Medica,,9531,2048696,32882
543548,Tommy Milone,,9035,1846229,31706
502054,Tommy Pham,,9842,1804466,31208
473234,Tony Abreu,,8033,593265,28777
501817,Tony Barnette,,10102,1663015,30181
542999,Tony Campana,,8933,1665403,30846
571561,Tony Cingrani,,9296,1947829,32135
488810,Tony Cruz,,8938,1661499,30936
448242,Tony Gwynn Jr.,,7814,489849,28516
506997,Tony Sanchez,,9394,1735793,30584
448609,Tony Sipp,,7949,583494,28673
453265,Tony Watson,,8958,1784882,31513
547172,Tony Wolters,,,2043940,31844
543964,Tony Zych,,10073,1953415,32182
116338,Torii Hunter,,5884,10813,3723
538506,Toru Murata,,10014,2121145,33503
429715,Travis Blackley,,7369,392325,6018
459941,Travis Buck,,7922,1186194,28646
518595,Travis d'Arnaud,,9096,1730742,29951
400098,Travis Hafner,,6980,223614,4752
448170,Travis Ishikawa,,7734,549249,6509
608671,Travis Jankowski,,10050,2044387,32751
543768,Travis Shaw,,9961,2048656,32890
501983,Travis Snider,,8304,1232132,29189
502023,Travis Tartamella,,10094,2114450,33163
475243,Travis Wood,,8630,1717422,30515
572204,Trayce Thompson,,10040,1741020,30743
493117,Kyuji Fujikawa,,9316,2029077,32583
543321,L.J. Hoes,,9307,1910547,32090
458681,Lance Lynn,,8650,1733864,30820
621121,Lance McCullers,,9575,2001084,32764
572669,Lane Adams,,9806,2048786,32911
502249,Lars Anderson,,8407,1599165,29299
115629,LaTroy Hawkins,,5336,7696,3176
425556,Laynce Nix,,7176,225411,5576
516684,Lendy Castillo,,9145,1925710,32079
599998,Leonel Campos,,9813,2114461,33165
547982,Leonys Martin,,8922,1827526,31588
500902,Lester Oliveros,,8980,1741054,30804
544725,Leury Garcia,,9345,1740935,30664
217915,Lew Ford,,7061,292471,5377
521230,Liam Hendriks,,9057,1756629,31755
570810,Lisalverto Bonilla,,9825,1960526,32375
592244,Logan Darnell,,9692,2107836,31683
523253,Logan Forsythe,,8921,1735788,30579
434137,Logan Kensing,,7449,520085,6118
489149,Logan Morrison,,8633,1630087,30536
446185,Logan Ondrusek,,8703,1725349,30393
502582,Logan Schafer,,9046,1665391,30247
548337,Logan Verrett,,9915,2113635,33131
543894,Logan Watkins,,9481,1741026,30717
502082,Lonnie Chisenhall,,8852,1697835,30523
456715,Lorenzo Cain,,8762,1103279,29416
453974,Lou Marson,,8356,1184318,29241
488786,Louis Coleman,,8909,1793165,31115
446263,Lucas Duda,,8796,1601528,30953
449173,Lucas Harrell,,8775,1392899,29937
476595,Lucas Luetge,,9133,1925712,32030
501593,Luis Avilan,,9233,1812884,31465
425646,Luis Ayala,,7080,225309,5389
570666,Luis Cessa,,,2208984,34837
543071,Luis Cruz,,,2107847,33110
458701,Luis Exposito,,8960,1669643,30540
472610,Luis Garcia,,9455,2069487,33089
499864,Luis Jimenez,,9367,1811744,31970
455921,Luis Jimenez,,,593240,
446208,Luis Martinez,,8985,1784684,
606131,Luis Perdomo,,,2211467,
466412,Luis Perdomo,,8425,1655643,30260
469802,Luis Perez,,8902,1654343,30083
596143,Luis Sardinas,,9679,2043941,31927
622663,Luis Severino,,9879,2117131,33263
472528,Luis Valbuena,,8361,1225749,29246
450192,Luke Carlin,,8240,1104285,29125
502381,Luke Gregerson,,8443,1604111,30276
460024,Luke Hochevar,,7919,1116600,28643
471863,Luke Hughes,,8715,1104374,29428
592426,Luke Jackson,,9632,1765054,31749
571912,Luke Maile,,10068,2117544,33271
452215,Luke Montz,,8372,1639015,29257
446367,Luke Putkonen,,9167,1954843,32224
432928,Luke Scott,,7521,393622,6229
607776,Mac Williamson,,10092,2044516,32765
518516,Madison Bumgarner,,8590,1619074,29949
430895,Maicer Izturis,,7420,392082,6087
521055,Maikel Cleto,,8951,1784883,30967
596748,Maikel Franco,,9609,1947851,32163
605480,Mallex Smith,,10117,2049626,32933
407924,Manny Acosta,,8089,1171066,28853
544365,Manny Banuelos,,8865,1799265,31123
466918,Manny Corpas,,7817,580575,28522
592518,Manny Machado,,9111,1765812,31097
448159,Manny Parra,,8069,392119,28827
444489,Manny Pina,,9004,1662811,30268
622534,Manuel Margot,,9858,2167053,33599
571868,Marc Krauss,,9437,1740955,30775
519240,Marc Rzepczynski,,8523,1674412,30366
542303,Marcell Ozuna,,9385,1953522,31668
462136,Marco Estrada,,8329,1630042,29215
594835,Marco Gonzales,,9627,2066303,33158
593523,Marco Hernandez,,,2120657,33431
340192,Marco Scutaro,,6966,132691,5217
456496,Marcos Mateo,,8783,1654338,30040
502281,Marcus Hatley,,10016,1958106,32287
543760,Marcus Semien,,9517,1947827,32146
573186,Marcus Stroman,,9637,2001082,32815
571786,Mario Hollands,,9655,2113490,31850
279824,Mark Buehrle,,6525,174775,4454
592192,Mark Canha,,9898,1960772,31670
450275,Mark Lowe,,7810,1098962,28511
453343,Mark Melancon,,8458,1493886,29446
448602,Mark Reynolds,,8030,1098995,28772
449161,Mark Rogers,,8826,2170091,30064
407893,Mark Teixeira,,6788,284645,4937
444432,Mark Trumbo,,8824,1104384,29322
407781,Marlon Byrd,,6863,284578,5033
455117,Martin Maldonado,,9045,1601825,30289
527048,Martin Perez,,8652,1674411,31098
445988,Martin Prado,,7737,548120,6513
503556,Marwin Gonzalez,,9142,1599169,30327
547888,Masahiro Tanaka,,9642,2114443,33150
608691,Mason Melotakis,,,2118847,34856
592863,Mason Williams,,9601,1948191,31848
451143,Mat Gamel,,8345,1098929,29230
502009,Mat Latos,,8529,1630084,30196
571431,Matt Adams,,9100,1810388,31359
458006,Matt Albers,,7820,580567,28525
542882,Matt Andriese,,9904,2114451,32549
598264,Matt Barnes,,9333,1947821,32147
279571,Matt Belisle,,7240,174984,5829
621199,Matt Bowman,,,2166519,33685
571510,Matt Boyd,,10011,2173411,34401
430912,Matt Cain,,7495,479027,6202
448165,Matt Capps,,7679,566068,6450
572761,Matt Carpenter,,8953,1794765,31015
454998,Matt Carson,,8602,1226046,29464
518558,Matt Clark,,9832,1665381,31281
457935,Matt Daley,,8454,1602587,29755
571602,Matt Davidson,,9337,1803183,31145
544925,Matt den Dekker,,9504,1804069,31193
518625,Matt Dominguez,,8683,1623767,29963
622110,Matt Duffy,,9775,2120665,33453
592274,Matt Duffy,,10090,2120682,33680
490063,Matt Garza,,7823,1098892,28528
594840,Matt Grace,,9941,2159738,33641
407825,Matt Guerrier,,7355,181983,5998
518755,Matt Hague,,9137,1808385,31323
457448,Matt Harrison,,8182,1208715,28965
518774,Matt Harvey,,9245,1765811,31214
407812,Matt Holliday,,7311,181555,5940
459964,Matt Joyce,,8239,1208719,29124
461314,Matt Kemp,,7780,549974,28476
571863,Matt Koch,,,2210230,34849
543426,Matt Langwell,,9418,2040033,32576
453181,Matt LaPorta,,8396,1520596,29402
434637,Matt Lindstrom,,7958,533054,28682
543483,Matt Magill,,9382,2027435,31898
476011,Matt Maloney,,8173,1422456,28956
621408,Matt Marksberry,,10034,2185039,34826
473724,Matt McBride,,9260,1740967,30794
519043,Matt Moore,,8873,1739600,31099
431166,Matt Pagnozzi,,8606,484528,29706
461212,Matt Palmer,,8328,1199459,29214
543677,Matt Ramsey,,,2121118,33661
607208,Trea Turner,,10056,2135249,33710
545333,Trevor Bauer,,9122,1852623,32014
457707,Trevor Bell,,8555,1666821,30371
623143,Trevor Brown,,10091,2120040,33484
502239,Trevor Cahill,,8410,1619075,30054
460067,Trevor Crowe,,7918,1098381,28642
641627,Trevor Gott,,9996,2165523,33614
543507,Trevor May,,9783,1733562,31263
461858,Trevor Plouffe,,8733,1103761,29441
572096,Trevor Rosenthal,,9240,1937341,31945
596115,Trevor Story,,9571,1945488,32150
543270,Trey Haley,,,2027430,32609
461856,Troy Patton,,7962,1205561,28686
453064,Troy Tulowitzki,,7850,589256,28567
493159,Tsuyoshi Wada,,9091,1927391,32042
571466,Tucker Barnhart,,9664,1803883,31173
488912,Tuffy Gosewisch,,9479,1447029,29669
621389,Ty Blach,,,2114068,33138
571841,Ty Kelly,,,2044377,32753
421064,Ty Wigginton,,6930,182000,5176
542881,Tyler Anderson,,10031,1894636,32151
592122,Tyler Austin,,9603,1947847,32161
543022,Tyler Chatwood,,8862,1725478,30564
461325,Tyler Clippard,,7970,1179740,28694
543031,Tyler Cloyd,,9278,1995708,32578
607385,Tyler Collins,,9649,1947836,32136
502125,Tyler Colvin,,8605,1199445,28999
572788,Tyler Cravy,,9980,2167498,33824
608648,Tyler Duffey,,10039,2164747,33668
452095,Tyler Flowers,,8572,1539223,30157
607192,Tyler Glasnow,,9616,2068548,33190
595963,Tyler Goeddel,,10244,2171700,34249
488917,Tyler Graham,,9291,1603024,29739
460022,Tyler Greene,,8463,1654336,30027
534627,Tyler Holt,,9756,2043939,31754
502285,Tyler Ladendorf,,9905,1951313,31647
544928,Tyler Lyons,,9401,2040403,32641
554431,Tyler Matzek,,9730,1739668,31264
489138,Tyler Moore,,9170,1740975,30635
571980,Tyler Naquin,,10121,2044528,32788
621397,Tyler Olson,,9912,2166760,33695
543629,Tyler Pastornicky,,9090,1740986,30710
502356,Tyler Robertson,,9222,1708188,31937
573135,Tyler Saladino,,10026,1804103,31190
572140,Tyler Skaggs,,9126,1758900,31221
592804,Tyler Thornburg,,9219,1840443,31887
621281,Tyler Wagner,,9977,2167353,33746
592869,Tyler Wilson,,9967,2051164,33006
592433,Tyrell Jenkins,,10115,1766183,31865
445204,Tyson Brummett,,9312,1809322,31339
475115,Tyson Ross,,8699,1655631,30099
434622,Ubaldo Jimenez,,7900,533004,28625
474699,Vance Worley,,8766,1758068,30943
502195,Vic Black,,9469,2027411,31764
553883,Vicente Campos,,,1947848,32120
622505,Victor Alcantara,,10187,2167469,33784
605170,Victor Caratini,,,,
469690,Victor Marte,,8582,1663441,30377
400121,Victor Martinez,,6853,367942,5007
573064,Vidal Nuno,,9381,2040769,32706
476570,Vin Mazzaro,,8506,1655628,30152
572714,Vince Belnome,,9665,1956434,31472
592826,Vincent Velasquez,,9992,2117039,31878
502260,Vinnie Pestano,,8841,1771184,30964
451584,Wade Davis,,8174,1231630,28957
453281,Wade LeBlanc,,8353,1558273,29238
489119,Wade Miley,,9017,1716842,31094
434643,Wandy Rodriguez,,7552,533047,6286
623913,Wei-Chung Wang,,9648,2109065,33117
612672,Wei-Yin Chen,,9093,1935581,32048
456078,Welington Castillo,,8784,1495871,29564
449079,Wesley Wright,,8157,1422590,28940
571976,Wil Myers,,8859,1744704,31265
408242,Wil Nieves,,6968,225410,5219
517448,Wilfredo Boscan,,9965,2034702,31766
541600,Wilfredo Tovar,,9536,1953531,32190
501647,Wilin Rosario,,8854,1663024,30197
457133,Wilkin Ramirez,,8478,1208741,29390
516853,Wilking Rodriguez,,9720,2132971,31939
501789,Will Harris,,9267,2002040,32566
605342,Will Locante,,,2159734,33648
519025,Will Middlebrooks,,9109,1805190,31232
349193,Will Ohman,,6612,205104,4563
489242,Will Rhymes,,8768,1647782,29385
519293,Will Smith,,9193,1666825,31549
461416,Will Venable,,8340,1205586,29224
605301,Williams Jerez,,,2210214,34858
554234,Williams Perez,,9957,2159712,33650
217100,Willie Bloomquist,,6636,174661,4603
407483,Willie Harris,,6798,182246,4949
575929,Willson Contreras,,10166,2171084,32532
591994,Willy Garcia,,10142,1959465,32335
594694,Wilmer Difo,,9969,2159737,33659
527038,Wilmer Flores,,9483,1665897,30627
521655,Wilmer Font,,9042,1784693,31075
400140,Wilson Betemit,,6811,212252,4968
467092,Wilson Ramos,,8620,1654347,30173
446641,Wilton Lopez,,8566,1390890,29278
503449,Wily Peralta,,9019,1784971,31140
592144,Wynton Bernard,,,2050875,32981
593428,Xander Bogaerts,,9319,1945481,31606
542897,Xavier Avery,,9181,1741206,30827
458584,Xavier Cedeno,,9080,1896137,32028
294558,Xavier Nady,,6610,205682,4564
449082,Xavier Paul,,8467,1098984,28985
489305,Xavier Scruggs,,9838,1954082,32215
592680,Yadiel Rivera,,10100,1805191,31238
425877,Yadier Molina,,7345,390815,5986
543228,Yan Gomes,,9186,1945612,32108
500208,Yangervis Solarte,,9657,1741691,30898
624577,Yasiel Puig,,9341,1992864,32574
666888,Yasiel Sierra,,,,
518735,Yasmani Grandal,,9098,1765807,30950
630111,Yasmany Tomas,,9850,2160873,33662
553872,Yhonathan Barrios,,10099,2171609,34224
554340,Yimi Garcia,,9815,2048494,32888
493316,Yoenis Cespedes,,9128,1953406,32080
500721,Yoervis Medina,,9371,1887664,31110
456071,Yohan Flande,,9745,1724106,30419
464416,Yohan Pino,,9735,1208971,30444
622795,Yohander Mendez,,,2210227,34875
475174,Yonder Alonso,,8660,1629156,30016
570649,Yordano Ventura,,9422,1971219,31876
600915,Yorman Landa,,,2210204,34855
550298,Yorman Rodriguez,,9819,1815405,31645
150275,Yorvit Torrealba,,6795,21717,4568
506648,Yoslan Herrera,,7911,1186059,28635
451596,Yovani Gallardo,,7926,1179742,28650
506433,Yu Darvish,,9095,1937347,32055
488862,Yunel Escobar,,7938,1098922,28662
493337,Yunesky Maya,,8792,1762090,30946
433589,Yusmeiro Petit,,7699,546240,6470
573127,Zac Rosscup,,9523,2044915,31601
502154,Zach Britton,,8771,1733482,31054
503483,Zach Clark,,9386,2025364,32580
435043,Zach Duke,,7512,545785,6219
545346,Zach Lee,,9330,1765814,31266
518963,Zach Lutz,,9164,1666193,30968
502083,Zach McAllister,,8982,1713866,30546
435261,Zach Miner,,7783,541106,28479
452061,Zach Phillips,,9036,1666693,30404
474029,Zach Putnam,,9083,1734605,30483
543819,Zach Stewart,,8657,1713867,30609
595025,Zach Walters,,9525,1804323,31199
446359,Zack Cozart,,8628,1669641,30466
643327,Zack Godley,,10029,2179204,34824
425844,Zack Greinke,,7257,390851,5883
572958,Zack Jones,,,2170699,34883
554430,Zack Wheeler,,9124,1744777,31267
543809,Zeke Spruill,,9439,1941064,31633
519412,Zelous Wheeler,,9755,1601827,30249
501660,Zoilo Almonte,,9436,1812890,31469
592091,A.J. Achter,,9824,2146207,33637
150359,A.J. Burnett,,6314,21508,4153
595918,A.J. Cole,,9638,1839916,31595
454560,A.J. Ellis,,8373,1104367,29258
456167,A.J. Griffin,,9220,1974327,32559
543362,A.J. Jimenez,,,1798970,31050
150229,A.J. Pierzynski,,6109,18720,3948
572041,A.J. Pollock,,9157,1740992,30699
573109,A.J. Ramos,,9298,1945284,32104
519263,A.J. Schugel,,9927,1953535,32202
571437,Aaron Altherr,,9734,2107840,31738
502578,Aaron Barrett,,9650,2052550,33005
605156,Aaron Brooks,,9668,2113510,33124
543070,Aaron Crow,,8662,1707904,30495
488811,Aaron Cunningham,,8186,1208650,28969
421685,Aaron Harang,,6936,306411,5181
543305,Aaron Hicks,,9325,1669559,31253
431094,Aaron Hill,,7483,484952,6190
444836,Aaron Laffey,,8075,1200054,28835
571901,Aaron Loup,,9236,1960798,32397
605400,Aaron Nola,,9882,2133925,33709
519145,Aaron Poreda,,8391,1629160,30009
592717,Aaron Sanchez,,9635,1757987,31254
457744,Aaron Thompson,,9025,1199460,29775
593582,Abel De Los Santos,,10028,2179143,34823
501659,Abraham Almonte,,9506,1813191,31474
606167,Adalberto Mejia,,9891,2117045,33198
543045,Adam Conley,,9993,2042428,32669
594807,Adam Duvall,,9747,2042091,32664
594809,Adam Eaton,,9302,1808563,32068
430945,Adam Jones,,7812,479388,28513
425560,Adam LaRoche,,7253,390776,5879
571893,Adam Liberatore,,9936,2036145,32622
452252,Adam Lind,,7859,547682,28579
429400,Adam Loewen,,7144,448946,5502
446192,Adam Moore,,8597,1225742,29491
605388,Adam Morgan,,10005,2039892,32636
493603,Adam Ottavino,,8736,1537191,29705
489267,Adam Rosales,,8320,1102977,29206
425794,Adam Wainwright,,7048,389743,5403
608724,Adam Walker,,,2064798,33602
476589,Adam Warren,,9224,1800946,31101
573244,Adam Wilk,,8940,1794305,31135
592665,Addison Reed,,9053,1813264,31493
608365,Addison Russell,,9604,2000032,32656
588751,Adeiny Hechavarria,,9259,1744722,31049
611177,Adonis Garcia,,9966,2040763,33080
134181,Adrian Beltre,,6039,11491,3878
408236,Adrian Gonzalez,,7054,288903,5405
605288,Adrian Houser,,10098,1947840,32157
543589,Adrian Nieto,,9647,2052553,33007
518545,Adron Chambers,,9070,1741047,30811
592570,Akeel Morris,,9997,2159739,33649
456379,Al Alburquerque,,8843,1725468,30494
405395,Albert Pujols,,6619,223571,4574
501227,Alberto Cabrera,,9253,1784685,31108
430948,Alberto Callaspo,,7832,479166,28541
471868,Alberto Gonzalez,,8111,1103849,28876
444876,Alcides Escobar,,8344,547241,29229
594742,Alec Asher,,10063,2118803,33787
621219,Alec Mills,,,2210232,34863
649557,Aledmys Diaz,,10245,2119877,33390
457477,Alejandro De Aza,,7996,1104254,28728
593700,Alen Hanson,,9611,1992535,32560
488671,Alex Avila,,8550,1660422,30115
488751,Alex Burnett,,8698,1670990,30410
543008,Alex Castellanos,,9203,1810665,31372
592222,Alex Claudio,,9787,2143302,33628
502171,Alex Cobb,,8918,1784973,31086
517008,Alex Colome,,9413,1739607,31255
543105,Alex Dickerson,,9617,2050338,32956
136460,Alex Gonzalez,,6077,18477,3916
460086,Alex Gordon,,7907,593271,28636
648717,Alex Guerrero,,9539,2106651,33096
572910,Alex Hassan,,9715,1740944,30770
499926,Alex Liddi,,9065,1667060,29493
543542,Alex Meyer,,9332,1894638,32173
502100,Alex Presley,,8823,1603038,29683
425567,Alex Rios,,7254,383411,5880
121347,Alex Rodriguez,,5275,8023,3115
502253,Alex Sanabia,,8750,1755082,30941
456776,Alex Torres,,8991,1663351,31125
502229,Alex White,,8916,1732488,30446
543935,Alex Wilson,,9364,1799270,31557
622072,Alex Wood,,9415,2036154,32620
493351,Alexei Ramirez,,8169,1507970,28952
506560,Alexi Amarista,,8914,1735053,30562
458210,Alexi Casilla,,7855,1103724,28575
468396,Alexi Ogando,,8743,1174266,30549
469686,Alfredo Aceves,,8336,1638980,29223
451628,Alfredo Figaro,,8513,1654334,30067
554054,Alfredo Gonzalez,,,2210083,34844
501245,Alfredo Marte,,9354,1956711,32251
430580,Alfredo Simon,,7975,448968,28699
455378,Ali Solis,,9304,1946524,32114
488852,Allan Dykstra,,9922,1960245,32361
501800,Allen Craig,,8649,1661498,30399
543903,Allen Webster,,9249,1799467,31119
607237,Amir Garrett,,10171,2053474,33652
444843,Andre Ethier,,7710,490390,6481
516589,Andre Rienzo,,9473,2027388,31935
592743,Andrelton Simmons,,9201,1918584,31728
433217,Andres Blanco,,7313,392116,5943
400083,Andres Torres,,6901,223497,5089
452027,Andrew Albers,,9480,2044380,32754
545331,Andrew Aplin,,,2120618,33457
457732,Andrew Bailey,,8440,1655624,30096
571479,Andrew Bellatti,,9962,2167509,33811
518500,Andrew Brown,,8966,1811889,31409
446398,Andrew Carignan,,9055,1655625,30034
488768,Andrew Cashner,,8627,1661425,30134
605177,Andrew Chafin,,9782,1967936,32810
605226,Andrew Faulkner,,10062,2170002,34581
571760,Andrew Heaney,,9586,2036439,32672
518911,Andrew Lambo,,9489,1671051,31028
457705,Andrew McCutchen,,7977,1103290,28701
605374,Andrew McKirahan,,9911,1955182,32233
453192,Andrew Miller,,7847,1116708,28563
461865,Andrew Romine,,8842,1599178,29330
476531,Andrew Taylor,,9289,1735058,30568
592811,Andrew Triggs,,,2119338,33589
599819,Andrew Werner,,9274,2008566,32568
116662,Andruw Jones,,5681,7764,3520
524349,Andury Acevedo,,,2210866,34879
543108,Andy Dirks,,8927,1669882,31006
451188,Andy LaRoche,,7928,580525,28652
429708,Andy Marte,,7291,490091,5916
501989,Andy Oliver,,8752,1740981,30764
519107,Andy Parrino,,9027,1602166,30339
519421,Andy Wilkins,,9802,1954877,31814
502162,Angel Castro,,9960,2044248,30005
553970,Angel Nesbitt,,9848,2159713,33645
434636,Angel Pagan,,7717,490155,6488
447816,Angel Sanchez,,7898,1959497,
434671,Anibal Sanchez,,7701,533212,6472
542914,Anthony Bass,,8965,1793606,31144
543101,Anthony DeSclafani,,9703,2117049,33180
571685,Anthony Garcia,,,2046359,31825
543238,Anthony Gose,,9120,1758976,31048
519168,Anthony Ranaudo,,9548,1765817,31215
489232,Anthony Recker,,9023,1520598,29490
543685,Anthony Rendon,,9106,1894625,32098
519203,Anthony Rizzo,,8868,1670417,30782
461872,Anthony Swarzak,,8479,1102983,30153
460008,Anthony Varvaro,,8840,1725463,30386
460322,Antoan Richardson,,9056,1812706,31436
455374,Antonio Bastardo,,8503,1618624,30105
622608,Antonio Senzatela,,10176,2167335,33750
133380,Aramis Ramirez,,6014,11073,3853
605151,Archie Bradley,,9542,1894626,32518
516414,Ariel Pena,,10083,1915036,32036
570489,Arismendy Alcantara,,9554,2044523,32823
504186,Arnold Leon,,9696,1392902,29478
527055,Arodys Vizcaino,,8998,1730743,31087
547973,Aroldis Chapman,,8616,1717646,30442
491708,Arquimedes Caminero,,9493,1784927,30979
452678,Asdrubal Cabrera,,7947,548513,28671
592879,Asher Wojciechowski,,9663,1757985,31734
542233,Audry Perez,,9524,1794768,31993
542866,Austin Adams,,9764,1936043,31660
605131,Austin Barnes,,9971,2046041,32856
592169,Austin Brice,,,2118904,31722
595978,Austin Hedges,,9336,1947852,32168
457706,Austin Jackson,,8412,1103265,29453
400290,Austin Kearns,,6851,181966,5012
519222,Austin Romine,,9082,1495873,29470
592697,Austin Ross,,,,
541645,Avisail Garcia,,9281,1740934,30729
543725,B.J. Rosenberg,,9214,1731904,30652
446264,Barry Enright,,8755,1531178,29791
217096,Barry Zito,,6394,174962,4233
112526,Bartolo Colon,,5763,7525,3602
450204,Ben Francisco,,7948,486536,28672
592325,Ben Gamel,,,1961737,31824
572019,Ben Paulsen,,9770,1800287,31045
519184,Ben Revere,,8687,1630089,29976
594985,Ben Rowen,,9731,2046498,32869
450314,Ben Zobrist,,7829,1099014,28536
435538,Bill Bray,,7716,547589,6487
434438,Billy Buckner,,8094,530352,28859
542993,Billy Burns,,9773,2046042,32860
456714,Billy Butler,,7634,584800,6396
571740,Billy Hamilton,,9113,1799465,31042
430641,Blaine Boyer,,7574,448910,6316
543278,Blaine Hardy,,9732,1741050,30815
518444,Blake Beavan,,8981,1755140,31018
503351,Blake Lalli,,9187,1732410,30593
607962,Blake McFarland,,,2171706,34255
453284,Blake Parker,,9185,1725475,30517
544930,Blake Smith,,,1812245,31428
605483,Blake Snell,,10148,2006996,33748
596119,Blake Swihart,,9549,1894641,32123
493574,Blake Tekotte,,8939,1666696,30842
595014,Blake Treinen,,9672,1953420,32185
502028,Blake Wood,,8730,1725412,30392
544759,Bo Schultz,,9646,1962289,32455
445090,Bobby Korecky,,8230,451982,29112
489039,Bobby LaFromboise,,9365,2027441,33073
458730,Bobby Parnell,,8338,1537192,29227
435064,Bobby Wilson,,8232,538897,29115
621471,Boog Powell,,10146,2167512,33803
457429,Boone Logan,,7715,1098960,6486
502202,Brad Boxberger,,9215,1813265,31495
542960,Brad Brach,,9040,1793607,31000
543223,Brad Glenn,,9748,1813391,31501
543272,Brad Hand,,8955,1795804,31077
453184,Brad Lincoln,,8646,1205580,29953
543543,Brad Miller,,9446,1953818,32206
502166,Brad Mills,,8420,1663605,30201
502748,Brad Peacock,,9039,1833104,31591
207267,Brad Penny,,6276,28145,4115
430957,Brad Snyder,,8100,479391,28865
446899,Brad Ziegler,,8262,1208774,29147
543266,Bradin Hagens,,9788,2044245,32743
607170,Brady Dragmire,,,2171615,34223
572038,Branden Pinder,,9933,1958616,32303
450315,Brandon Allen,,8563,1208989,30070
572702,Brandon Bantz,,9425,2064722,33085
488681,Brandon Barnes,,9263,1740907,30732
545404,Brandon Beachy,,8837,1770803,30962
474832,Brandon Belt,,8795,1757973,30901
592165,Brandon Brennan,,,2210215,34852
543063,Brandon Crawford,,8945,1666686,30469
592238,Brandon Cumpton,,9434,2065553,33086
594792,Brandon Cunniff,,9921,2121900,33562
592273,Brandon Drury,,9853,1957192,32269
605232,Brandon Finnegan,,9805,2136391,33633
460156,Brandon Gomes,,8920,1671004,30969
446386,Brandon Guyer,,8924,1669646,30708
518794,Brandon Hicks,,8725,1599170,29552
276346,Brandon Inge,,6681,128898,4623
445213,Brandon Kintzler,,8821,1769564,30959
477186,Brandon Laird,,8992,1737856,30623
434181,Brandon League,,7464,486544,6135
407193,Brandon Lyon,,6775,245546,4830
543506,Brandon Maurer,,9347,2027442,32595
435221,Brandon McCarthy,,7484,541105,6191
453344,Brandon Morrow,,8002,1200838,28734
461235,Brandon Moss,,8082,490865,28844
607043,Brandon Nimmo,,9876,1894663,32159
408252,Brandon Phillips,,6857,225418,5031
474319,Brandon Snyder,,8624,1661347,30124
519443,Brandon Workman,,9457,2050707,32973
430910,Brayan Pena,,7551,392100,6285
500903,Brayan Villarreal,,8489,1784665,31131
430593,Brendan Harris,,7372,392185,6022
453895,Brendan Ryan,,8042,580791,28789
453269,Brennan Boesch,,8713,1208693,29378
452121,Brent Lillibridge,,8187,1208724,28970
543569,Brent Morel,,8811,1708037,30601
474463,Brett Anderson,,8409,1611137,30041
594762,Brett Bochy,,9834,1962885,32482
448276,Brett Carroll,,8059,292182,28812
446399,Brett Cecil,,8455,1603013,30296
458731,Brett Gardner,,8289,1200052,29174
451109,Brett Hayes,,8492,583305,29769
571804,Brett Jackson,,8850,1732409,30594
543434,Brett Lawrie,,8874,1665386,30644
543493,Brett Marshall,,9398,1943717,31899
519085,Brett Oberholtzer,,9373,1795903,31113
489209,Brett Pill,,9041,1666694,30389
477165,Brett Wallace,,8416,1630094,30174
444448,Brian Bixler,,8214,1099498,29089
460131,Brian Bogusevic,,8797,1630074,30029
572821,Brian Dozier,,9174,1794323,31009
488846,Brian Duensing,,8177,1486149,28960
623395,Brian Ellington,,10042,2167495,33834
543169,Brian Flynn,,9513,2042430,32671
571718,Brian Goodwin,,9639,1947845,32174
598271,Brian Johnson,,9999,2044522,34400
451085,Brian Matusz,,8418,1629067,29938
435263,Brian McCann,,7569,541104,6309
406878,Brian Roberts,,6741,223690,4773
489295,Brian Schlitter,,8753,1663607,30707
451216,Brian Wilson,,7743,585913,6521
571788,Brock Holt,,9292,1741211,30841
453857,Brock Peterson,,9467,1226052,30225
276520,Bronson Arroyo,,6498,22106,4416
453156,Brooks Brown,,9757,1531175,29794
462405,Brooks Conrad,,7959,1098911,28683
548384,Brooks Raley,,9262,2000754,32005
501852,Bruce Billings,,8943,1833883,31081
136600,Bruce Chen,,6087,18578,3926
541652,Bruce Rondon,,9315,1956424,31943
541652,Bruce Rondon,,9315,1956424,31943
541652,Bruce Rondon,,9315,1956424,31943
541652,Bruce Rondon,,9315,1956424,31943
541652,Bruce Rondon,,9315,1956424,31943
541652,Bruce Rondon,,9315,1956424,31943
541652,Bruce Rondon,,9315,1956424,31943
541652,Bruce Rondon,,9315,1956424,31943
541652,Bruce Rondon,,9315,1956424,31943
541652,Bruce Rondon,,9315,1956424,31943
541652,Bruce Rondon,,9315,1956424,31943
541652,Bruce Rondon,,9315,1956424,31943
541652,Bruce Rondon,,9315,1956424,31943
541652,Bruce Rondon,,9315,1956424,31943
541652,Bruce Rondon,,9315,1956424,31943
541652,Bruce Rondon,,9315,1956424,31943
541652,Bruce Rondon,,9315,1956424,31943
541652,Bruce Rondon,,9315,1956424,31943
541652,Bruce Rondon,,9315,1956424,31943
541652,Bruce Rondon,,9315,1956424,31943
541652,Bruce Rondon,,9315,1956424,31943
541652,Bruce Rondon,,9315,1956424,31943
541652,Bruce Rondon,,9315,1956424,31943
541652,Bruce Rondon,,9315,1956424,31943
541652,Bruce Rondon,,9315,1956424,31943
541652,Bruce Rondon,,9315,1956424,31943
541652,Bruce Rondon,,9315,1956424,31943
541652,Bruce Rondon,,9315,1956424,31943
541652,Bruce Rondon,,9315,1956424,31943
541652,Bruce Rondon,,9315,1956424,31943
541652,Bruce Rondon,,9315,1956424,31943
541652,Bruce Rondon,,9315,1956424,31943
457762,Bryan Anderson,,8708,593266,29697
592407,Bryan Holaday,,9208,1794307,31961
571951,Bryan Mitchell,,9680,2040767,31910
457768,Bryan Morris,,9221,1725407,30497
519128,Bryan Petersen,,8726,1671056,30240
458669,Bryan Price,,9808,1955199,32232
543766,Bryan Shaw,,8962,1734606,30589
518490,Bryce Brentz,,9845,1755279,31452
547180,Bryce Harper,,8875,1765813,30951
605490,Bubba Starling,,9119,1894624,32152
571656,Buck Farmer,,9786,2141540,33627
502032,Bud Norris,,8540,1657583,30369
571473,Buddy Baumann,,10103,1809524,31797
542953,Buddy Boshers,,9488,2043944,32725
234194,Buddy Carlyle,,6324,150180,4163
572143,Burch Smith,,9392,2059552,33083
488674,Burke Badenhop,,8215,1473574,29090
457763,Buster Posey,,8578,1660162,30112
621439,Byron Buxton,,9590,2000026,32655
666560,Byung Ho Park,,10101,2210864,34839
547348,C.C. Lee,,9462,1936044,32052
543068,C.J. Cron,,9583,1894603,32155
518674,C.J. Fick,,9196,1915105,32041
592677,C.J. Riefenhauser,,9678,2050892,32526
450351,C.J. Wilson,,7571,548808,6311
571584,Caleb Cotham,,10032,2121047,33897
518725,Caleb Gindl,,9435,1670506,30326
543376,Caleb Joseph,,9699,1733485,30464
573204,Caleb Thielbar,,9402,1961735,32440
592135,Cam Bedrosian,,9722,1757977,31716
457727,Cameron Maybin,,7684,1098967,6455
519237,Cameron Rupp,,9520,2092654,31811
408307,Carl Crawford,,6870,182199,5035
605218,Carl Edwards Jr.,,9555,2073701,33202
136860,Carlos Beltran,,6132,18817,3971
471911,Carlos Carrasco,,8185,1231629,28968
542266,Carlos Contreras,,9741,2027393,32599
449786,Carlos Corporan,,8462,583762,29412
621043,Carlos Correa,,9573,2000028,32653
608032,Carlos Estevez,,,2210225,34861
516910,Carlos Frias,,9780,2117542,33272
460576,Carlos Gomez,,8023,1098932,28762
471865,Carlos Gonzalez,,7934,1103728,28658
430961,Carlos Maldonado,,7883,212028,
461791,Carlos Marmol,,7789,580591,28486
593372,Carlos Martinez,,9376,1803785,31340
519037,Carlos Moncrief,,,2043842,32711
451713,Carlos Peguero,,8908,1740988,31587
150289,Carlos Pena,,6621,127567,4594
542208,Carlos Perez,,9956,1945613,30237
435041,Carlos Quentin,,7485,490156,6192
491640,Carlos Rivero,,9796,1665407,30394
607074,Carlos Rodon,,9823,2138665,33696
434563,Carlos Ruiz,,7757,532870,28447
570560,Carlos Sanchez,,9765,1956971,32264
467793,Carlos Santana,,8619,1208743,30280
448614,Carlos Torres,,8533,1598990,29347
508892,Carlos Triunfel,,9303,1207709,29503
453646,Carlos Villanueva,,7772,580606,28466
407296,Carlos Zambrano,,6559,223692,4499
542942,Carson Blair,,10075,2167504,33812
605476,Carson Smith,,9810,2036351,32628
605169,Carter Capps,,9250,1962637,32469
488787,Casey Coleman,,8779,1732408,30947
518582,Casey Crosby,,9200,1708182,30683
502272,Casey Fien,,8535,1604110,29376
445163,Casey Janssen,,7748,585620,6526
543391,Casey Kelly,,8867,1697837,30520
425773,Casey Kotchman,,7293,387403,5918
431171,Casey McGehee,,8359,489788,29245
594987,Casey Sadler,,9686,2107843,33105
489413,Casper Wells,,8731,1654357,30069
282332,CC Sabathia,,6603,174974,4553
501627,Cesar Cabral,,9138,1787654,31107
285131,Cesar Izturis,,6638,174699,4607
462945,Cesar Jimenez,,7888,549690,28612
527049,Cesar Puello,,9594,1806345,31288
459987,Cesar Ramos,,8593,1543512,29734
570714,Cesar Vargas,,,2169704,33877
518452,Chad Bettis,,9478,1941511,31718
451532,Chad Billingsley,,7705,584799,6476
239795,Chad Durbin,,6371,154181,4210
429985,Chad Gaudin,,7199,404386,5627
554432,Chad Jenkins,,9261,1737883,30612
430589,Chad Qualls,,7381,448415,6034
605477,Chad Smith,,9736,2133896,33616
429710,Chad Tracy,,7047,1670124,5402
592704,Chance Ruffin,,8999,1765808,31043
502033,Charles Brewer,,9431,1804845,31223
453568,Charlie Blackmon,,8957,1800284,31084
518586,Charlie Culberson,,9183,1666687,29955
518703,Charlie Furbush,,8869,1757233,31589
489056,Charlie Leesman,,9486,1732743,30598
450203,Charlie Morton,,8270,1390876,29155
605508,Charlie Tilson,,10216,2046464,32866
502624,Chase Anderson,,9698,2027498,32690
488818,Chase d'Arnaud,,8974,1740922,30676
452104,Chase Headley,,8057,1103791,28809
400284,Chase Utley,,7072,288923,5383
595032,Chase Whitley,,9702,1943719,31858
592741,Chasen Shreve,,9768,2052548,33014
475054,Chaz Roe,,9449,1725392,30412
521428,Che-Hsuan Lin,,9156,1670951,30535
596144,Cheslor Cuthbert,,10024,1995622,31682
592346,Chi Chi Gonzalez,,9976,2066305,33386
547568,Chia-Jen Lo,,8636,1653554,30455
425426,Chien-Ming Wang,,7502,382868,6209
425835,Chin-hui Tsao,,7190,223635,5606
408210,Chone Figgins,,6986,225356,5302
502042,Chris Archer,,8849,1758899,31003
605135,Chris Bassitt,,9799,2114418,33148
571476,Chris Beck,,9963,2044526,32826
408052,Chris Bootcheck,,7239,288942,5821
607471,Chris Bostick,,,2117057,33151
425626,Chris Capuano,,7132,223612,5469
474892,Chris Carter,,8640,1102958,29486
458085,Chris Coghlan,,8469,1473575,29772
499624,Chris Colabello,,9403,2042867,32678
448801,Chris Davis,,8285,1514565,29170
456121,Chris Denorfia,,7665,392533,6431
447736,Chris Dickerson,,8323,1104949,29209
458689,Chris Dominguez,,9811,1717007,31384
543125,Chris Dwyer,,9535,1757206,30997
460269,Chris Gimenez,,8504,1520594,29361
501822,Chris Hatcher,,8806,1473576,30648
502317,Chris Heisey,,8617,1603026,30519
543302,Chris Herrmann,,9309,1794325,31998
518790,Chris Heston,,9833,1982197,32611
455104,Chris Iannetta,,7845,584802,28561
453400,Chris Johnson,,8585,1599171,29616
518854,Chris Jones,,,1961033,32407
595296,Chris Lee,,,2170681,34028
460092,Chris Leroux,,8495,1654389,30282
502029,Chris Marrero,,9031,1208663,29641
455119,Chris Martin,,9684,2048821,32903
573027,Chris McGuiness,,9427,1741609,30879
429780,Chris Narveson,,7508,448956,6215
455126,Chris Nelson,,8592,548998,30156
622217,Chris O'Grady,,,2171838,34294
572008,Chris Owings,,9526,1741384,30862
476633,Chris Parmelee,,9062,1670981,30228
453198,Chris Perez,,8251,1209053,29134
595371,Chris Rearick,,9924,2167038,33703
607068,Chris Reed,,10038,1894633,32148
434592,Chris Resop,,7589,533014,6340
543734,Chris Rusin,,9271,1940758,31987
519242,Chris Sale,,8780,1762602,30948
452737,Chris Schwinden,,8946,1846230,32025
430965,Chris Snyder,,7409,392209,6070
455755,Chris Stewart,,7857,489806,28577
608717,Chris Stratton,,,2044544,32787
621035,Chris Taylor,,9771,2048496,32900
501957,Chris Tillman,,8411,1499976,30285
453362,Chris Valaika,,8793,1600681,30298
458690,Chris Volstad,,8109,1184597,28874
519437,Chris Withrow,,9295,1697839,29985
455759,Chris Young,,7738,489811,6514
432934,Chris Young,,7412,517762,6073
548357,Christian Bergman,,9728,2117265,33270
542194,Christian Bethancourt,,9530,1718084,31758
518568,Christian Colon,,9752,1755280,31116
543184,Christian Friedrich,,8661,1685072,30603
451600,Christian Garcia,,9269,1654383,30080
543877,Christian Vazquez,,9762,1810924,31389
570799,Christian Villanueva,,,1961304,31873
572233,Christian Walker,,9846,2044379,32758
592885,Christian Yelich,,9320,1765815,31283
453329,Clay Buchholz,,8090,1184594,28855
449060,Clay Rapada,,8056,1174235,28807
607185,Clayton Blackburn,,9624,1947853,32172
477132,Clayton Kershaw,,8180,1221725,28963
489150,Clayton Mortensen,,8517,1537189,29685
453385,Clayton Richard,,8309,1103052,29195
460004,Clete Thomas,,8203,1102860,29077
424324,Cliff Lee,,7026,370395,5353
460060,Cliff Pennington,,8324,583198,29210
425549,Clint Barmes,,7231,292678,5798
519208,Clint Robinson,,9211,1741689,30903
424825,Coco Crisp,,6983,292449,5299
592102,Cody Allen,,9243,1953416,32188
594736,Cody Anderson,,10004,2116982,33183
605125,Cody Asche,,9477,2039891,32637
572804,Cody Decker,,10089,2048272,31562
543136,Cody Eppley,,8911,1798563,31078
595235,Cody Hall,,10079,2121073,33655
592533,Cody Martin,,9920,2053478,33135
285068,Cody Ransom,,6796,128920,4945
425496,Cody Ross,,7053,181896,5404
592774,Cody Stanley,,9945,1937343,31906
407890,Colby Lewis,,6893,284621,5067
458675,Colby Rasmus,,8190,1184596,28973
502676,Cole Figueroa,,9705,1740930,30662
502261,Cole Gillespie,,8678,1208655,29409
430935,Cole Hamels,,7509,479065,6216
607067,Colin Rea,,10048,2170141,33950
595023,Colin Walsh,,,2171839,34296
444446,Collin Balester,,8184,1262856,28967
518577,Collin Cowgill,,8968,1667421,30485
543521,Collin McHugh,,9275,2008572,32569
518833,Colt Hynes,,9464,1793609,31565
605396,Colton Murray,,10067,1961536,32435
592712,Connor Sadzeck,,,2118802,34877
543216,Conor Gillaspie,,8378,1639054,29263
543377,Corban Joseph,,9387,1806048,31250
543647,Cord Phelps,,8959,1740990,30823
446395,Corey Brown,,9077,1602160,30629
572816,Corey Dickerson,,9438,2041486,31684
430611,Corey Hart,,7336,448407,5973
446372,Corey Kluber,,9048,1759018,30981
608369,Corey Seager,,9584,2041873,32691
280061,Corky Miller,,6799,174722,4951
451132,Cory Burns,,9256,1946292,31689
518715,Cory Gearrin,,8910,1740938,30665
458537,Cory Luebke,,8778,1717006,30580
543508,Cory Mazzoni,,9946,2038823,32629
474284,Cory Rasmus,,9400,2027392,31984
605486,Cory Spangenberg,,9102,1846231,32169
460677,Cory Wade,,8228,1402915,29110
444520,Craig Breslow,,7610,557093,6365
502226,Craig Gentry,,8574,1665405,30267
518886,Craig Kimbrel,,8622,1718083,30653
489334,Craig Stammen,,8480,1671002,30361
542436,Cristhian Adames,,9774,1959299,31659
592200,Curt Casali,,9766,1935463,32049
434158,Curtis Granderson,,7455,393076,6125
489197,Curtis Partch,,9430,2027395,32588
493137,Daisuke Matsuzaka,,7906,1145060,28631
445612,Dale Thayer,,8486,1103764,29817
648737,Dalier Hinojosa,,9952,2118087,33275
542923,Dallas Beeler,,9749,2107831,33099
572971,Dallas Keuchel,,9217,1979965,31815
592647,Dalton Pompey,,9822,1953811,32210
571911,Damien Magnifico,,,2210104,34869
576788,Dan Butler,,,1805189,31234
429717,Dan Haren,,7172,400617,5565
543359,Dan Jennings,,9171,1735789,30555
430681,Dan Johnson,,7436,392909,6096
519096,Dan Otero,,9149,1601533,30328
502130,Dan Runzler,,8579,1707201,30375
573185,Dan Straily,,9255,1988996,32563
462564,Dan Uggla,,7692,292238,6462
596129,Dan Vogelbach,,9556,2028783,32851
235095,Dan Wheeler,,6331,151342,4170
445968,Dana Eveland,,7600,547371,6353
451773,Dane De La Rosa,,8994,1784974,30978
453268,Daniel Bard,,8470,1662777,30158
658135,Daniel Carbonell,,,2133452,33615
593495,Daniel Castro,,10002,2119058,33331
542289,Daniel Corcino,,9793,1935805,31678
543056,Daniel Coulombe,,9844,2120231,33638
518614,Daniel Descalso,,8831,1670490,30475
571665,Daniel Fields,,9983,1804065,31184
543339,Daniel Hudson,,8567,1697836,30376
445216,Daniel McCutchen,,8548,1493885,29445
502517,Daniel Murphy,,8314,1208667,29200
537953,Daniel Nava,,8742,1601139,30910
596057,Daniel Norris,,9636,1956960,33199
543706,Daniel Robertson,,9681,1671059,30840
519259,Daniel Schlereth,,8501,1663025,30177
458094,Daniel Stange,,8722,1671061,30411
621385,Daniel Stumpf,,,2169778,34880
543900,Daniel Webb,,9514,2052582,31733
595465,Daniel Winkler,,9910,2120461,33425
592181,Danny Burawa,,10006,1943716,32102
457760,Danny Dorn,,9940,1670116,30479
518633,Danny Duffy,,8932,1708185,31114
457787,Danny Espinosa,,8805,1667721,30621
543144,Danny Farquhar,,9072,1733856,30611
543343,Danny Hultzen,,9127,1888603,32023
594940,Danny Muno,,9914,1953518,32192
572066,Danny Reynolds,,,2120670,33450
517593,Danny Salazar,,9456,1915129,32095
542454,Danny Santana,,9693,1810926,31387
502143,Danny Valencia,,8665,1660696,29439
519445,Danny Worth,,8732,1512025,29067
435558,Daric Barton,,7635,546496,6397
645848,Dariel Alvarez,,10058,2118868,33315
445153,Darin Downs,,9229,1795803,31076
518991,Darin Mastroianni,,9026,1740965,30807
573131,Darin Ruf,,9279,1812895,31470
516714,Dario Alvarez,,9817,2146191,33635
572182,Darnell Sweeney,,10053,2048790,32908
571553,Darrell Ceciliani,,9970,1806344,31287
503285,Darren O'Day,,8207,1208736,29081
446381,Darwin Barney,,8787,1599166,29567
543743,Dave Sappelt,,9013,1740999,30797
430911,David Aardsma,,7307,479025,5933
458691,David Adams,,9395,1740903,30679
571527,David Buchanan,,9711,2118123,33281
518526,David Carpenter,,9154,1807505,31305
502304,David Carpenter,,8978,1537180,29698
476036,David Cooper,,8917,1663595,30204
430203,David DeJesus,,7232,392080,5799
501896,David Freese,,8402,1225732,29694
592341,David Goforth,,9973,2114452,33204
571735,David Hale,,9528,2027390,32601
456696,David Hernandez,,8498,1630080,30058
571787,David Holmberg,,9503,1758979,31594
453307,David Huff,,8417,1623771,30127
518953,David Lough,,8663,1732909,30528
451075,David Martinez,,9497,2049985,33040
461815,David Murphy,,7862,486548,28582
120074,David Ortiz,,5909,8236,3748
456102,David Pauley,,7782,580598,28478
600944,David Paulino,,,2210085,34846
444482,David Peralta,,9719,2119697,33384
475479,David Phelps,,9148,1800944,31124
456034,David Price,,8175,1232130,28958
453515,David Purcey,,8189,547431,28972
502085,David Robertson,,8287,1622557,29172
543716,David Rollins,,9908,2121438,33666
424325,David Ross,,6956,288982,5206
431151,David Wright,,7382,483349,6035
493364,Dayan Viciedo,,8398,1655262,30103
542883,Dean Anna,,9654,1741372,30851
518883,Dean Kiekhefer,,,2121115,33769
543829,Dee Gordon,,8863,1667054,30726
592261,Delino DeShields,,9574,1762815,31360
476454,Dellin Betances,,9063,1623765,31122
430321,Delmon Young,,7467,435069,6138
452655,Denard Span,,8213,549986,29087
464426,Denis Phipps,,9283,1740991,30808
500610,Deolis Guerra,,10012,1262688,29430
518618,Derek Dietrich,,9391,2042435,31784
502706,Derek Holland,,8406,1630081,30148
571882,Derek Law,,,2114069,33139
519083,Derek Norris,,8876,1669888,30608
501961,Derrick Robinson,,9359,1660454,30119
457775,Desmond Jennings,,8651,1623772,30493
445177,Deunte Heath,,9230,1810104,31350
571918,Deven Marrero,,10009,2041863,32660
519023,Devin Mesoraco,,8851,1660451,29950
581527,Devon Travis,,9572,2049815,32938
276547,Dewayne Wise,,6442,174760,4281
451594,Dexter Fowler,,8370,1208709,29252
661281,Dian Toscano,,,2167055,33706
544369,Didi Gregorius,,9282,1810724,31376
514981,Diego Moreno,,10008,2167517,33775
518716,Dillon Gee,,8816,1661428,30139
599096,Dilson Herrera,,9800,2118134,33091
425900,Dioner Navarro,,7276,387245,5902
553988,Dixon Machado,,9972,1804067,31188
518934,DJ LeMahieu,,8949,1740958,30765
593334,Domingo German,,10069,2167483,33660
608678,Dominic Leone,,9666,2117118,33155
502126,Domonic Brown,,8644,1597678,29673
430603,Don Kelly,,7998,448411,28730
544371,Donald Lutz,,9384,1915313,32084
543698,Donn Roach,,9662,1811746,31407
548348,Donnie Joseph,,9460,1797886,31030
430906,Donnie Murphy,,7459,393372,6130
453264,Donnie Veal,,8434,1179745,30142
518764,Donovan Hand,,9407,1804108,31185
456781,Donovan Solano,,9190,1666544,29703
448674,Doug Bernier,,8274,393544,29159
450729,Doug Fister,,8554,1699360,30370
518493,Drake Britton,,9463,1804447,31257
460077,Drew Butera,,8696,593268,29436
502165,Drew Carpenter,,8335,1638973,29221
571800,Drew Hutchison,,9158,1812898,31462
519141,Drew Pomeranz,,9068,1765810,31010
607968,Drew Rucinski,,9763,2136146,33619
592767,Drew Smyly,,9140,1840445,31816
519322,Drew Storen,,8618,1724102,30534
453211,Drew Stubbs,,8528,1114754,29611
572403,Drew VerHagen,,9767,2113508,33121
502102,Duane Below,,8993,1784663,31132
444992,Duke Welker,,9390,1915131,32652
554429,Dustin Ackley,,8648,1699742,30372
572863,Dustin Garneau,,10051,2117267,33257
430661,Dustin McGowan,,7294,223562,5919
456030,Dustin Pedroia,,7631,547429,6393
543038,Dusty Coleman,,10020,1808024,31307
518420,Dylan Axelrod,,9060,1600752,29727
621173,Dylan Baker,,,2210218,34867
605164,Dylan Bundy,,9125,1894623,32094
446225,Ed Easley,,9923,1531177,29789
448296,Ed Lucas,,9412,1741052,30818
572750,Eddie Butler,,9566,2044496,32831
543195,Eddie Gamboa,,9849,2068027,33097
592696,Eddie Rosario,,9591,1910546,31944
453256,Eddy Rodriguez,,9252,1603042,
429440,Edgar Gonzalez,,7149,399110,5498
500891,Edgar Ibarra,,9982,2107837,31859
543607,Edgar Olmos,,9421,2027447,31831
467850,Edgmer Escalona,,8729,1670415,30407
450172,Edinson Volquez,,7639,564090,6401
500871,Eduardo Escobar,,9054,1670491,30272
456488,Eduardo Nunez,,8789,1098979,30290
593958,Eduardo Rodriguez,,9546,2042426,32675
500674,Eduardo Sanchez,,8890,1733866,30575
591693,Edubray Ramos,,,2210223,34876
542369,Edwar Cabrera,,9223,1915101,31727
465629,Edward Mujica,,7801,580528,28501
429665,Edwin Encarnacion,,7278,392294,5904
546276,Edwin Escobar,,9625,2027505,32659
429719,Edwin Jackson,,7241,433026,5842
519068,Efren Navarro,,9051,1671055,30337
501303,Ehire Adrianza,,9521,1666190,30471
467070,Elian Herrera,,9184,1803324,31165
553869,Elias Diaz,,10076,2122215,33594
471107,Elliot Johnson,,8204,548997,29078
554239,Elmer Reyes,,,1954540,31985
468517,Elvin Ramirez,,8892,1787651,31121
462101,Elvis Andrus,,8401,1099374,29515
542587,Elvis Araujo,,9954,2158179,33639
466988,Emilio Bonifacio,,8112,1174267,28877
502034,Emmanuel Burriss,,8225,1488165,29106
542255,Ender Inciarte,,9355,1808403,31327
346795,Endy Chavez,,6733,181761,4727
491688,Enerio Del Rosario,,8734,1725344,30500
520976,Engel Beltre,,9441,1630073,30304
544836,Enny Romero,,9537,1956931,31942
542609,Enrique Burgos,,9950,2049970,34838
571771,Enrique Hernandez,,9754,1810385,31358
541640,Erasmo Ramirez,,9135,1939521,31983
493472,Eric Campbell,,9700,1665895,31171
456544,Eric Farris,,9000,1740926,30659
543174,Eric Fornataro,,9675,2027416,32600
518700,Eric Fryer,,8975,1662083,32006
543333,Eric Hosmer,,8857,1669561,30993
518852,Eric Jokisch,,9830,2114626,33176
447714,Eric O'Flaherty,,7837,1103051,28549
519299,Eric Sogard,,8828,1600755,29732
445590,Eric Stults,,7869,593276,28591
474668,Eric Surkamp,,9029,1839913,31800
458913,Eric Young Jr.,,8399,548875,29759
430947,Erick Aybar,,7744,479165,6522
407853,Erik Bedard,,6910,288939,5099
449170,Erik Cordier,,9835,1735786,30551
458530,Erik Davis,,9417,2027436,31599
592340,Erik Goeddel,,9807,2107838,31744
570481,Erik Gonzalez,,10122,2052583,33018
605304,Erik Johnson,,9516,1947826,32176
518900,Erik Komatsu,,9136,1669648,30643
456124,Erik Kratz,,8760,585622,29524
628326,Erisbel Arruebarrena,,9710,2118180,33307
457117,Ernesto Frieri,,8599,1390885,29984
429722,Ervin Santana,,7547,479168,6280
469134,Esmil Rogers,,8595,1392908,30008
543495,Ethan Martin,,9326,1674410,30771
553993,Eugenio Suarez,,9724,1960254,32367
545001,Eury De La Rosa,,9461,2027499,32701
516811,Eury Perez,,9290,1756632,31286
457751,Evan Crawford,,9155,1915037,31546
594828,Evan Gattis,,9356,1941510,32863
446334,Evan Longoria,,7914,1114751,28639
605359,Evan Marshall,,9697,1945243,32100
457425,Evan Meek,,8151,1422586,28934
519175,Evan Reed,,9258,1740996,30690
592709,Evan Rutckyj,,,2211465,31947
519267,Evan Scribner,,8913,1784688,30970
501870,Everett Teaford,,8931,1784766,31089
465784,Everth Cabrera,,8430,1655635,30155
485567,Ezequiel Carrera,,8673,1589117,29008
462956,Felipe Paulino,,8106,580599,28871
553878,Felipe Rivero,,9934,2027506,32562
467094,Felix Doubront,,8746,1654333,30066
433587,Felix Hernandez,,7487,541516,6194
472551,Fernando Abad,,8767,1723564,30417
407845,Fernando Rodney,,6922,284634,5111
451775,Fernando Rodriguez,,8460,1479781,29326
477569,Fernando Salas,,8739,1661513,30650
465041,Francisco Cervelli,,8387,1200051,29273
596019,Francisco Lindor,,9116,1894627,32129
434538,Francisco Liriano,,7504,530359,6211
501317,Francisco Peguero,,9276,1666195,30402
506747,Francisco Pena,,9709,1205583,30531
477557,Francisco Rodriguez,,,1661458,30176
408061,Francisco Rodriguez,,7029,288981,5357
499107,Francisley Bueno,,8316,1539222,29202
407911,Frank Francisco,,7327,484950,5963
571057,Frank Garces,,9792,2144705,33629
497807,Frank Herrmann,,8740,1732485,30522
593423,Frankie Montas,,10027,2117122,33249
429711,Franklin Gutierrez,,7644,392462,6408
462985,Franklin Morales,,7951,1200730,28675
518692,Freddie Freeman,,8658,1630079,30193
150119,Freddy Garcia,,6168,21559,4007
430686,Freddy Guzman,,7405,448932,6065
602115,Gabby Guerrero,,10112,2053475,33240
593679,Gabriel Ynoa,,10136,2159740,33651
459991,Gaby Sanchez,,8385,1102812,29270
594555,Garin Cecchini,,9550,1947822,32124
434540,Garrett Jones,,8024,532869,28763
572070,Garrett Richards,,9012,1741652,30892
518502,Gary Brown,,9117,1765804,31014
596142,Gary Sanchez,,9097,1799263,31095
425856,Gavin Floyd,,7297,390847,5922
502004,George Kontos,,9064,1663105,30991
435459,George Kottaras,,7941,546236,28665
430941,George Sherrill,,7379,479390,6031
543807,George Springer,,9339,1894629,32078
434567,Geovany Soto,,7662,392194,6428
408042,Gerald Laird,,7129,288967,5465
467827,Gerardo Parra,,8473,1208924,29807
608566,German Marquez,,,2210237,34874
543037,Gerrit Cole,,9121,1893753,32081
519317,Giancarlo Stanton,,8634,1630093,30583
547912,Gift Ngoepe,,,1740978,30788
444041,Gil Velazquez,,8389,224432,29275
461829,Gio Gonzalez,,8179,585618,28962
543803,Giovanni Soto,,10082,1758974,32638
570482,Giovanny Urshela,,9991,2043931,32721
450282,Glen Perkins,,7711,549693,6482
542674,Gonzalez Germen,,9450,2027449,33076
493596,Gordon Beckham,,8422,1660445,30117
491676,Gorkys Hernandez,,9188,1599715,29550
429713,Grady Sizemore,,7256,392088,5882
453232,Graham Godfrey,,8961,1838243,31592
346797,Grant Balfour,,6765,223474,4811
502205,Grant Green,,8866,1727684,30430
543204,Grayson Garvin,,10057,2159862,33653
595885,Greg Bird,,9600,2040761,32695
457566,Greg Burke,,8476,1601126,30231
425785,Greg Dobbs,,7439,292185,6099
594824,Greg Garcia,,9688,1953803,32211
518813,Greg Holland,,8773,1758975,30945
453923,Gregor Blanco,,7937,1205708,28661
463610,Gregorio Petit,,8250,1226053,29136
570256,Gregory Polanco,,9613,1954592,32950
605317,Guido Knudson,,10052,2171857,34711
457517,Guilder Rodriguez,,9840,1207656,29422
628338,Guillermo Heredia,,,2221896,35050
425565,Guillermo Quiroz,,7275,383409,5901
534576,Gus Schlosser,,9660,2036153,32616
573349,Hak-Ju Lee,,9114,1740957,30734
474233,Hank Conger,,8825,1479774,29316
434670,Hanley Ramirez,,7488,393458,6195
570663,Hansel Robles,,9938,2027450,32666
593643,Hanser Alberto,,9975,2044664,32839
623912,Harold Ramirez,,10207,2117133,33259
425514,Heath Bell,,7418,383399,6084
592390,Heath Hembree,,9519,1937568,31840
459932,Hector Ambriz,,8697,1531174,29795
430591,Hector Gimenez,,7894,448406,28619
467143,Hector Gomez,,9084,1654384,30078
593576,Hector Neris,,9779,1960527,32377
456051,Hector Noesi,,8901,1725348,30502
493343,Hector Olivera,,9974,2171333,34735
444468,Hector Rondon,,8631,1630091,30089
516949,Hector Sanchez,,8972,1733551,30567
502327,Hector Santiago,,8976,1740998,30744
506693,Henderson Alvarez,,9011,1756627,31047
469159,Henry Alberto Rodriguez,,8603,1392907,30007
514719,Henry Alejandro Rodriguez,,9284,1808508,31331
596064,Henry Owens,,9859,2049944,33211
625329,Henry Urrutia,,9465,2064797,33090
541650,Hernan Perez,,9213,1741611,30878
572744,Hiram Burgos,,9372,2027398,32572
493133,Hiroki Kuroda,,8167,1442917,28950
547874,Hisashi Iwakuma,,9092,1933858,30965
456701,Homer Bailey,,7944,583492,28668
435062,Howie Kendrick,,7746,489785,6524
279827,Humberto Quintero,,7235,174796,5794
452254,Hunter Pence,,7963,584806,28687
519326,Hunter Strickland,,9809,2027413,32589
434718,Huston Street,,7468,546345,6175
547943,Hyun-Jin Ryu,,9317,2029433,32582
547957,Hyun-soo Kim,,10104,2215560,
435622,Ian Desmond,,8589,546867,29646
571687,Ian Gardeck,,,2210234,34864
453178,Ian Kennedy,,8099,1262690,28864
435079,Ian Kinsler,,7490,489854,6197
571871,Ian Krol,,9423,2064551,31883
456655,Ian Stewart,,7993,584808,28722
621962,Ian Thomas,,9661,2114066,33137
400085,Ichiro Suzuki,,6615,211807,4570
477195,Ike Davis,,8666,1666191,30532
458252,Irving Falu,,9172,1208708,30390
474443,Ivan De Jesus,,8885,1098914,30020
467100,Ivan Nova,,8728,1655641,30400
457918,J.A. Happ,,8061,1184317,28817
543776,J.B. Shuck,,9009,1741006,30741
605525,J.B. Wendelken,,,2119336,34853
400268,J.C. Boscan,,8804,223541,29554
502110,J.D. Martinez,,9002,1795780,31065
429666,J.J. Hardy,,7283,292125,5908
543331,J.J. Hoover,,9163,1914484,32557
450317,J.P. Arencibia,,8655,1522585,29537
434442,J.P. Howell,,7572,530358,6312
543242,J.R. Graham,,9543,1947817,32125
608638,J.T. Chargois,,10132,2210203,34854
592663,J.T. Realmuto,,9718,1947839,32177
518466,Jabari Blash,,,1954884,31765
607054,Jace Peterson,,9618,1959186,32323
435219,Jack Hannahan,,7774,292452,28468
605333,Jack Leathersich,,9948,2050710,32975
598265,Jackie Bradley Jr.,,9338,1960252,32362
519425,Jackson Williams,,9744,1488167,29745
606930,Jacob Barnes,,,2210103,34868
594798,Jacob deGrom,,9701,2044508,32796
607188,Jacob Faria,,,2210236,34871
605338,Jacob Lindgren,,9878,2167356,33729
545363,Jacob Turner,,8855,1699971,30526
453056,Jacoby Ellsbury,,7912,1184595,28637
543094,Jaff Decker,,9432,1717002,31259
448802,Jaime Garcia,,8300,1537183,29185
457453,Jair Jurrjens,,8091,1199811,28854
446003,Jairo Asencio,,8527,1647785,30291
545064,Jairo Diaz,,9841,2050878,32986
607951,Jairo Labourt,,,2118150,33298
453562,Jake Arrieta,,8623,1619229,30145
545332,Jake Barrett,,10113,2078663,33120
502010,Jake Brigham,,10013,1804330,31203
594772,Jake Buchanan,,9740,2114136,33144
595909,Jake Cave,,,2120354,33417
518617,Jake Diekman,,9179,1915025,32178
572827,Jake Dunning,,9433,1937374,31788
518653,Jake Elmore,,9268,1951311,32179
605222,Jake Esch,,,2210231,34870
572876,Jake Goebbert,,8881,1810925,31388
571875,Jake Lamb,,9781,2044246,32742
459429,Jake McGee,,8176,1262693,28959
543606,Jake Odorizzi,,9310,1757975,31654
408241,Jake Peavy,,6872,288915,5019
502593,Jake Petricka,,9494,1938646,31842
607727,Jake Smith,,,2210235,34865
519295,Jake Smolinski,,9760,1960257,31558
543083,James Darnell,,9014,1717003,30552
571825,James Jones,,9674,1740949,30684
425766,James Loney,,7725,390777,6497
543510,James McCann,,9818,1935464,32046
457428,James McDonald,,8358,1402913,29243
572020,James Paxton,,9331,1805124,31980
572021,James Pazos,,10066,2120486,33426
607256,James Ramsey,,10107,2044905,32846
460701,James Russell,,8695,1732411,30592
448306,James Shields,,7779,580602,28474
592791,Jameson Taillon,,9123,1765806,31258
124604,Jamey Wright,,5650,8206,3489
457449,Jamie Romak,,9714,1099380,31211
594311,Jandel Gustave,,,2161564,33665
454537,Jared Burton,,8001,1098902,28733
453172,Jared Hughes,,9073,1895574,31556
606424,Jarlin Garcia,,10191,2167475,33843
543054,Jarred Cosart,,9327,1754186,31096
459439,Jarrett Grube,,9717,1927275,32091
592620,Jarrett Parker,,9776,1813025,31499
502481,Jarrod Dyson,,8817,1725411,30461
519105,Jarrod Parker,,8414,1531180,29806
457454,Jarrod Saltalamacchia,,7939,584807,28663
430583,Jason Bartlett,,7388,392862,6044
460072,Jason Berken,,8497,1666822,30363
430652,Jason Bourgeois,,8377,292037,29262
488771,Jason Castro,,8635,1657577,30178
453228,Jason Donald,,8404,1208652,29671
430630,Jason Frasor,,7310,448928,5938
592329,Jason Garcia,,9919,2161563,33664
276351,Jason Grilli,,6466,25049,4350
543261,Jason Gurka,,10061,2048653,32892
434628,Jason Hammel,,7709,533001,6480
518792,Jason Heyward,,8621,1611138,29551
543401,Jason Kipnis,,8853,1754188,31007
430585,Jason Kubel,,7425,393034,6102
407835,Jason Lane,,6855,182277,5032
150302,Jason Marquis,,6493,127096,4409
435400,Jason Motte,,8369,546238,29256
445095,Jason Pridie,,7693,489859,6463
595386,Jason Rogers,,9831,2044120,32735
450306,Jason Vargas,,7599,556425,6352
605528,Jason Wheeler,,,2159722,33643
595879,Javier Baez,,9557,1894628,32127
425657,Javier Lopez,,7079,390720,5388
457915,Javy Guerra,,8929,1725471,30505
457803,Jay Bruce,,8171,1133731,28954
543351,Jay Jackson,,8659,1739666,30705
488776,Jaye Chapman,,,,
593969,Jayson Aquino,,,2053470,33100
434624,Jayson Nix,,8168,292038,28951
150029,Jayson Werth,,6423,44638,4262
500724,JC Ramirez,,9440,1725476,30433
466948,Jean Machi,,9288,1171068,29954
516416,Jean Segura,,9247,1798566,31037
491646,Jeanmar Gomez,,8763,1679121,30525
476704,Jed Lowrie,,8200,1098963,29074
576397,Jedd Gyorko,,9107,1811464,31402
425557,Jeff Baker,,7041,390794,5371
542924,Jeff Beliveau,,9246,1915127,32037
488703,Jeff Bianchi,,9234,1725410,31760
594815,Jeff Ferrell,,10018,2178545,34805
433585,Jeff Francis,,7383,517683,6038
425796,Jeff Francoeur,,7594,389741,6345
433898,Jeff Keppinger,,7414,393033,6076
571862,Jeff Kobernus,,9406,1954847,31703
502046,Jeff Locke,,9074,1630085,31068
453249,Jeff Manship,,8559,1226050,29427
425772,Jeff Mathis,,7296,292722,5921
502188,Jeff Samardzija,,8281,1114753,29166
502368,Jeff Walters,,,2050858,32984
527043,Jefry Marte,,10023,1953517,31901
600869,Jeimer Candelario,,,2051255,32531
457789,Jemile Weeks,,8956,1630095,30035
516769,Jenrry Mejia,,8667,1697838,30541
595191,Jerad Eickhoff,,10049,2159843,33057
450308,Jered Weaver,,7708,584809,6479
346793,Jeremy Affeldt,,6883,223741,5061
425386,Jeremy Guthrie,,7040,390771,5370
458550,Jeremy Hefner,,9162,1741379,30870
476451,Jeremy Hellickson,,8415,1619226,30506
435181,Jeremy Hermida,,7492,393586,6199
456662,Jeremy Horst,,8947,1740947,31071
502026,Jeremy Jeffress,,8800,1630082,30954
489096,Jeremy McBryde,,,1671054,32331
543079,Jermaine Curtis,,9380,2050860,32989
425532,Jerome Williams,,6873,292135,5026
460283,Jerry Blevins,,8141,1282514,28915
543742,Jerry Sands,,8907,1741387,30867
592145,Jesse Biddle,,9608,1757993,31762
445926,Jesse Chavez,,8334,1098908,29220
430884,Jesse Crain,,7279,452162,5905
534910,Jesse Hahn,,9721,2053477,33108
542583,Jesus Aguilar,,9704,1947830,32132
435520,Jesus Flores,,7990,546229,28714
461882,Jesus Guzman,,8484,1104372,30108
524968,Jesus Montero,,8638,1495872,29448
491696,Jesus Sucre,,9404,1735795,31964
542908,Jett Bandy,,10078,1937336,32056
544727,Jeurys Familia,,9299,1756628,31687
501697,Jhan Marinez,,8761,1757803,30942
605194,Jharel Cotton,,10189,2171047,34052
500207,Jhonatan Solano,,9197,1603044,30334
425509,Jhonny Peralta,,7156,224393,5527
468504,Jhoulys Chacin,,8534,1618705,30147
596847,Ji-Man Choi,,9623,2106323,31779
451192,Jim Adduci,,9512,549732,30019
449104,Jim Henderson,,9248,1803887,31169
462382,Jim Johnson,,7825,580522,28531
461848,Jim Miller,,8348,589253,29233
622772,Jimmy Cordero,,,2210222,34850
519076,Jimmy Nelson,,9518,2044107,32738
517370,Jimmy Paredes,,9005,1740985,30680
276519,Jimmy Rollins,,6419,132668,4258
457456,Jo-Jo Reyes,,8064,1232096,28820
465657,Joakim Soria,,7964,1182834,28688
593340,Joan Gregorio,,,2118142,33294
435078,Joaquin Arias,,7880,538911,28603
276542,Joaquin Benoit,,6659,174659,4588
501955,Joba Chamberlain,,8084,1232125,28847
592626,Joc Pederson,,9414,1811026,31392
346847,Joe Beimel,,6664,212251,4632
607352,Joe Biagini,,,2211470,34882
430599,Joe Blanton,,7461,477983,6132
523260,Joe Kelly,,9212,1794767,31992
458155,Joe Martinez,,8445,1654393,30256
408045,Joe Mauer,,7062,288970,5378
605397,Joe Musgrove,,10185,2002312,34848
150274,Joe Nathan,,6205,21655,4044
517451,Joe Ortiz,,9348,1812546,31440
605412,Joe Panik,,9742,1894644,32087
