mlbamID,playerName,team,league,G,AB,R,H,2B,3B,HR,RBI,BB,SO,SB,CS,G_C,G_1B,G_2B,G_3B,G_SS,G_LF,G_CF,G_RF,G_OF,defaultPos
1164,Carlos Beltran,NYY,AL,112,408.0,47.0,103.0,25.0,1.0,15.0,56.0,35.0,79.0,1.0,0.0,0,0,0,0,0,0,0,123,123,OF
1196,Adrian Beltre,TEX,AL,129,498.0,66.0,144.0,27.0,3.0,16.0,70.0,40.0,64.0,1.0,0.0,0,0,0,142,0,0,0,0,0,3B
1778,Rafael Furcal,FA,,14,54.0,6.0,13.0,1.0,0.0,0.0,3.0,3.0,10.0,1.0,0.0,0,0,0,0,0,0,0,0,0,2B
2062,Torii Hunter,FA,,126,481.0,59.0,121.0,24.0,1.0,17.0,72.0,25.0,91.0,2.0,4.0,0,0,0,0,0,0,0,123,123,OF
3405,David Ortiz,BOS,AL,125,455.0,52.0,120.0,28.0,0.0,30.0,89.0,63.0,90.0,0.0,1.0,0,9,0,0,0,0,0,0,0,DH
3586,A.J. Pierzynski,ATL,NL,97,342.0,31.0,91.0,16.0,1.0,7.0,40.0,14.0,42.0,0.0,2.0,107,0,0,0,0,0,0,0,0,C
3823,Alex Rodriguez,NYY,AL,116,414.0,60.0,98.0,17.0,1.0,23.0,74.0,56.0,119.0,4.0,1.0,0,2,0,4,0,0,0,0,0,DH
3843,Aramis Ramirez,FA,,123,436.0,38.0,109.0,23.0,1.0,11.0,62.0,23.0,63.0,2.0,0.0,0,5,0,122,0,0,0,0,0,3B
5535,Jimmy Rollins,CHW,AL,125,457.0,68.0,108.0,19.0,3.0,13.0,42.0,48.0,87.0,15.0,7.0,0,0,0,0,134,0,0,0,0,SS
5603,Ichiro Suzuki,MIA,NL,134,345.0,42.0,86.0,8.0,4.0,1.0,21.0,23.0,51.0,11.0,4.0,0,0,0,0,0,30,7,73,109,OF
5645,Albert Pujols,LAA,AL,140,550.0,76.0,146.0,30.0,0.0,28.0,90.0,42.0,69.0,5.0,2.0,0,95,0,1,0,0,0,0,0,DH
5742,Juan Uribe,CLE,AL,104,341.0,37.0,91.0,17.0,0.0,11.0,45.0,22.0,74.0,1.0,0.0,0,0,8,92,0,0,0,0,0,3B
6060,Michael Cuddyer,FA,,87,294.0,34.0,73.0,15.0,1.0,8.0,32.0,18.0,66.0,2.0,0.0,0,18,0,0,0,69,0,6,75,1B
6089,Victor Martinez,DET,AL,120,448.0,50.0,125.0,23.0,0.0,18.0,79.0,38.0,46.0,1.0,1.0,0,10,0,0,0,0,0,0,0,DH
6155,Mark Teixeira,NYY,AL,84,302.0,41.0,72.0,14.0,0.0,18.0,64.0,40.0,72.0,1.0,0.0,0,108,0,0,0,0,0,0,0,1B
6166,Jayson Werth,WAS,NL,103,381.0,55.0,93.0,20.0,1.0,13.0,52.0,47.0,89.0,4.0,1.0,0,0,0,0,0,76,0,14,86,OF
6170,Reed Johnson,WAS,NL,52,87.0,10.0,21.0,6.0,0.0,2.0,12.0,0.0,19.0,0.0,0.0,0,0,0,0,0,3,0,1,4,OF
6173,Willie Bloomquist,FA,,36,85.0,7.0,19.0,3.0,0.0,0.0,8.0,2.0,19.0,1.0,1.0,0,3,8,5,7,5,0,2,7,IF
6227,Matt Holliday,STL,NL,105,381.0,52.0,102.0,21.0,1.0,13.0,64.0,46.0,74.0,3.0,1.0,0,0,0,0,0,64,0,0,64,OF
6247,Jason Lane,FA,,41,56.0,7.0,11.0,3.0,0.0,1.0,6.0,5.0,20.0,0.0,0.0,0,0,0,0,0,0,0,0,0,
6297,Marlon Byrd,CLE,AL,129,492.0,55.0,123.0,23.0,3.0,17.0,68.0,26.0,146.0,2.0,1.0,0,0,0,0,0,88,4,41,129,OF
6369,Ramon Santiago,FA,,55,153.0,14.0,34.0,5.0,0.0,1.0,11.0,13.0,32.0,1.0,1.0,0,0,0,0,0,0,0,0,0,2B
6401,David Ross,CHC,NL,58,141.0,9.0,25.0,7.0,0.0,4.0,12.0,16.0,58.0,1.0,0.0,59,0,0,0,0,0,0,0,0,C
6418,Carl Crawford,LAD,NL,89,289.0,41.0,78.0,14.0,3.0,6.0,33.0,15.0,51.0,11.0,3.0,0,0,0,0,0,51,0,0,51,OF
6419,Marco Scutaro,FA,,34,121.0,14.0,29.0,5.0,1.0,1.0,9.0,7.0,14.0,1.0,1.0,0,0,0,0,0,0,0,0,0,2B
6420,Wil Nieves,FA,,32,98.0,8.0,21.0,5.0,0.0,1.0,9.0,4.0,28.0,0.0,0.0,4,2,0,0,0,0,0,0,0,C
6439,Coco Crisp,OAK,AL,84,308.0,43.0,76.0,14.0,2.0,7.0,31.0,34.0,46.0,11.0,2.0,0,0,0,0,0,37,0,0,37,OF
6466,Omar Infante,KC,AL,124,463.0,44.0,117.0,22.0,5.0,5.0,50.0,17.0,61.0,5.0,2.0,0,0,124,0,0,0,0,0,0,2B
6481,Brandon Phillips,CIN,NL,131,518.0,61.0,140.0,20.0,1.0,11.0,66.0,25.0,70.0,11.0,3.0,0,0,141,0,1,0,0,0,0,2B
6511,Adam LaRoche,FA,,120,416.0,51.0,94.0,17.0,1.0,18.0,57.0,55.0,120.0,1.0,0.0,0,48,0,0,0,0,0,0,0,
6523,Jeff Baker,FA,,61,131.0,16.0,32.0,6.0,1.0,4.0,15.0,10.0,37.0,1.0,0.0,0,17,1,1,0,1,0,0,1,IF
6524,Clint Barmes,KC,AL,74,161.0,20.0,38.0,10.0,1.0,2.0,13.0,8.0,37.0,0.0,1.0,0,1,0,0,89,0,0,0,0,SS
6534,Josh Wilson,FA,,97,304.0,29.0,65.0,12.0,1.0,3.0,26.0,14.0,88.0,4.0,2.0,0,0,11,10,2,0,0,0,0,
6565,Chase Utley,LAD,NL,114,415.0,48.0,98.0,25.0,4.0,8.0,52.0,32.0,67.0,5.0,0.0,0,6,88,3,0,0,0,0,0,IF
6576,Shane Victorino,FA,,82,275.0,33.0,69.0,11.0,2.0,6.0,23.0,17.0,46.0,10.0,1.0,0,0,0,0,0,29,3,34,65,OF
6606,Jhonny Peralta,STL,NL,135,498.0,53.0,130.0,27.0,1.0,14.0,62.0,43.0,100.0,2.0,3.0,0,0,0,0,148,0,0,0,0,SS
6614,Cody Ross,FA,,58,178.0,17.0,42.0,8.0,0.0,4.0,60.0,14.0,38.0,1.0,1.0,0,0,0,0,0,4,0,5,8,OF
6627,Justin Morneau,FA,,96,354.0,40.0,104.0,21.0,2.0,12.0,48.0,26.0,54.0,0.0,1.0,0,44,0,0,0,0,0,0,0,1B
6655,Josh Hamilton,TEX,AL,92,340.0,43.0,88.0,17.0,1.0,14.0,49.0,27.0,95.0,2.0,1.0,0,0,0,0,0,35,0,11,42,OF
6658,Gerald Laird,FA,,32,89.0,8.0,21.0,5.0,0.0,0.0,7.0,7.0,16.0,0.0,0.0,1,0,0,0,0,0,0,0,0,C
6669,Alex Rios,FA,,123,462.0,54.0,126.0,27.0,5.0,7.0,51.0,21.0,81.0,16.0,4.0,0,0,0,0,0,0,0,105,105,OF
6687,Matt Joyce,PIT,NL,116,339.0,40.0,75.0,17.0,1.0,10.0,41.0,44.0,93.0,2.0,3.0,0,0,0,0,0,64,0,2,65,OF
6743,Miguel Cabrera,DET,AL,131,493.0,71.0,151.0,30.0,1.0,24.0,88.0,66.0,93.0,2.0,1.0,0,107,0,0,0,0,0,0,0,1B
6773,James Loney,TB,AL,130,462.0,40.0,127.0,22.0,0.0,7.0,48.0,31.0,58.0,3.0,2.0,0,101,0,0,0,0,0,0,0,1B
6789,Prince Fielder,TEX,AL,139,528.0,60.0,143.0,26.0,0.0,18.0,74.0,61.0,93.0,1.0,0.0,0,18,0,0,0,0,0,0,0,DH
6791,Joe Mauer,MIN,AL,133,504.0,62.0,139.0,28.0,2.0,8.0,58.0,63.0,98.0,2.0,1.0,0,137,0,0,0,0,0,0,0,1B
6796,Shin-Soo Choo,TEX,AL,130,484.0,73.0,128.0,24.0,2.0,15.0,53.0,71.0,128.0,8.0,5.0,0,0,0,0,0,0,0,148,148,OF
6808,Jeff Francoeur,ATL,NL,112,329.0,34.0,77.0,15.0,1.0,10.0,37.0,14.0,80.0,1.0,2.0,0,0,0,0,0,20,0,85,101,OF
6814,Maicer Izturis,FA,,35,114.0,11.0,29.0,4.0,0.0,1.0,9.0,8.0,12.0,2.0,1.0,0,0,0,0,0,0,0,0,0,1B
6826,Grady Sizemore,FA,,89,284.0,28.0,64.0,14.0,1.0,6.0,29.0,21.0,67.0,3.0,2.0,0,0,0,0,0,32,0,42,74,OF
6838,Yadier Molina,STL,NL,126,458.0,41.0,128.0,24.0,1.0,7.0,58.0,29.0,55.0,3.0,1.0,134,0,0,0,0,0,0,0,0,C
6859,David DeJesus,FA,,101,296.0,33.0,70.0,14.0,2.0,5.0,29.0,26.0,59.0,3.0,3.0,0,0,0,0,0,63,2,4,68,DH
6863,Dioner Navarro,CHW,AL,88,278.0,26.0,72.0,11.0,0.0,8.0,32.0,23.0,48.0,1.0,0.0,39,0,0,0,0,0,0,0,0,C
6877,Brayan Pena,STL,NL,91,283.0,18.0,75.0,14.0,0.0,2.0,22.0,17.0,30.0,1.0,1.0,86,5,0,0,0,0,0,0,0,C
6928,Jeff Mathis,MIA,NL,56,167.0,14.0,32.0,7.0,1.0,3.0,18.0,12.0,55.0,0.0,0.0,30,0,0,0,0,0,0,0,0,C
6957,Humberto Quintero,FA,,67,229.0,19.0,53.0,10.0,1.0,5.0,25.0,6.0,53.0,1.0,1.0,0,0,0,0,0,0,0,0,0,C
6958,Andres Blanco,PHI,NL,96,258.0,29.0,64.0,15.0,2.0,5.0,22.0,18.0,50.0,2.0,3.0,0,1,22,36,10,0,0,0,0,1B
6982,J.J. Hardy,BAL,AL,129,486.0,51.0,120.0,21.0,0.0,11.0,50.0,25.0,85.0,0.0,0.0,0,0,0,0,114,0,0,0,0,SS
6990,Geovany Soto,LAA,AL,62,176.0,19.0,38.0,8.0,0.0,6.0,21.0,16.0,56.0,0.0,1.0,73,0,0,0,0,0,0,0,0,C
6992,Robinson Chirinos,TEX,AL,85,278.0,33.0,64.0,13.0,1.0,9.0,32.0,24.0,70.0,0.0,0.0,78,0,0,0,0,0,0,0,0,C
7003,Melvin Upton Jr.,SD,NL,112,354.0,42.0,76.0,16.0,3.0,10.0,29.0,36.0,118.0,13.0,4.0,0,0,0,0,0,0,63,0,63,OF
7041,Nick Swisher,ATL,NL,113,416.0,49.0,94.0,22.0,1.0,13.0,50.0,55.0,117.0,1.0,1.0,0,12,0,0,0,25,0,3,27,1B
7049,Edwin Encarnacion,TOR,AL,130,477.0,73.0,129.0,27.0,1.0,29.0,97.0,67.0,82.0,4.0,1.0,0,59,0,0,0,0,0,0,0,DH
7056,Jose Reyes,COL,NL,121,504.0,68.0,152.0,26.0,3.0,9.0,53.0,33.0,50.0,22.0,6.0,0,0,0,0,116,0,0,0,0,SS
7079,Rene Rivera,TB,AL,101,295.0,24.0,64.0,14.0,1.0,6.0,32.0,16.0,78.0,0.0,1.0,107,7,0,0,0,0,0,0,0,C
7102,Jason Bourgeois,ARI,NL,99,352.0,42.0,88.0,13.0,3.0,2.0,28.0,19.0,45.0,10.0,5.0,0,0,0,0,0,18,35,6,48,OF
7130,Nate McLouth,FA,,82,250.0,30.0,57.0,13.0,2.0,5.0,18.0,23.0,48.0,10.0,2.0,0,0,0,0,0,0,0,0,0,OF
7140,Jose Bautista,TOR,AL,121,439.0,78.0,115.0,22.0,1.0,30.0,92.0,81.0,87.0,5.0,2.0,0,0,0,0,0,0,0,118,118,OF
7142,Chris Denorfia,NYY,AL,115,298.0,39.0,77.0,14.0,2.0,6.0,29.0,23.0,63.0,5.0,2.0,0,0,0,0,0,43,6,28,75,OF
7165,Skip Schumaker,FA,,105,244.0,23.0,58.0,14.0,0.0,1.0,21.0,19.0,49.0,2.0,1.0,0,0,12,0,0,40,2,4,46,OF
7198,Dan Johnson,TB,AL,110,395.0,50.0,90.0,18.0,1.0,13.0,49.0,45.0,84.0,1.0,0.0,0,6,0,0,0,0,0,0,0,P
7258,Curtis Granderson,NYM,NL,122,449.0,71.0,107.0,21.0,2.0,20.0,57.0,63.0,121.0,8.0,4.0,0,0,0,0,0,0,2,149,150,OF
7265,Donnie Murphy,FA,,77,231.0,28.0,53.0,10.0,1.0,8.0,30.0,17.0,65.0,1.0,1.0,0,0,0,0,0,0,0,0,0,IF
7288,Hanley Ramirez,BOS,AL,119,423.0,58.0,117.0,32.0,1.0,13.0,67.0,50.0,84.0,12.0,4.0,0,0,0,1,0,92,0,0,92,1B
7342,Doug Bernier,FA,,98,309.0,31.0,68.0,12.0,1.0,2.0,24.0,23.0,75.0,3.0,2.0,0,0,2,2,0,0,0,0,0,
7392,Ryan Hanigan,BOS,AL,71,210.0,21.0,50.0,10.0,0.0,3.0,23.0,26.0,36.0,0.0,0.0,53,0,0,0,0,0,0,0,0,C
7404,Chris B. Young,BOS,AL,117,316.0,43.0,73.0,21.0,1.0,11.0,40.0,31.0,78.0,6.0,2.0,0,0,0,0,0,55,15,76,129,OF
7421,Rajai Davis,CLE,AL,113,361.0,52.0,93.0,19.0,6.0,7.0,32.0,20.0,74.0,25.0,8.0,0,0,0,0,0,39,46,10,91,OF
7448,Jonny Gomes,FA,,95,241.0,31.0,56.0,9.0,0.0,8.0,34.0,29.0,78.0,1.0,0.0,0,0,0,0,0,59,0,8,65,OF
7449,Ryan Howard,PHI,NL,106,389.0,46.0,88.0,19.0,1.0,17.0,67.0,30.0,125.0,0.0,0.0,0,116,0,0,0,0,0,0,0,1B
7526,Rickie Weeks,FA,,80,224.0,26.0,49.0,12.0,1.0,6.0,26.0,24.0,64.0,3.0,2.0,0,0,0,0,0,19,0,0,19,2B
7809,Ben Zobrist,CHC,NL,129,488.0,76.0,133.0,31.0,4.0,14.0,56.0,64.0,70.0,7.0,4.0,0,0,69,4,0,45,0,5,49,2B
7853,Robert Andino,MIA,NL,86,305.0,29.0,65.0,12.0,1.0,3.0,23.0,17.0,77.0,2.0,2.0,0,0,0,0,0,0,0,0,0,IF
7918,Joaquin Arias,ARI,NL,85,183.0,17.0,47.0,9.0,1.0,2.0,18.0,5.0,28.0,1.0,0.0,0,2,2,8,8,0,0,0,0,3B
8008,Mike Aviles,DET,AL,104,321.0,40.0,80.0,13.0,0.0,6.0,31.0,15.0,41.0,7.0,3.0,0,0,11,28,23,34,5,1,39,IF
8016,Erick Aybar,ATL,NL,147,564.0,73.0,154.0,31.0,4.0,6.0,50.0,28.0,63.0,13.0,6.0,0,0,0,0,154,0,0,0,0,SS
8050,Asdrubal Cabrera,NYM,NL,140,515.0,71.0,133.0,31.0,4.0,15.0,65.0,40.0,99.0,7.0,3.0,0,0,0,0,136,0,0,0,0,SS
8099,John Baker,FA,,41,124.0,8.0,23.0,3.0,0.0,0.0,8.0,10.0,38.0,0.0,0.0,0,0,0,0,0,0,0,0,0,C
8130,Alberto Callaspo,FA,,111,330.0,33.0,81.0,13.0,0.0,5.0,34.0,34.0,41.0,0.0,1.0,0,0,4,65,0,0,0,0,0,1B
8218,Robinson Cano,SEA,AL,149,583.0,77.0,170.0,33.0,1.0,17.0,79.0,49.0,87.0,5.0,4.0,0,0,149,0,0,0,0,0,0,2B
8445,Roger Bernadina,FA,,102,257.0,26.0,51.0,9.0,2.0,6.0,25.0,27.0,93.0,8.0,3.0,0,0,0,0,0,0,0,0,0,
8510,Alexi Casilla,FA,,79,255.0,28.0,63.0,11.0,1.0,2.0,23.0,14.0,44.0,8.0,3.0,0,0,0,0,0,0,0,0,0,
8645,Francisco Cervelli,PIT,NL,85,288.0,35.0,79.0,12.0,3.0,4.0,28.0,28.0,60.0,1.0,0.0,128,0,0,0,0,0,0,0,0,C
8665,Gregor Blanco,SF,NL,130,375.0,54.0,98.0,18.0,4.0,4.0,33.0,40.0,75.0,13.0,6.0,0,0,0,0,0,38,44,22,93,OF
8761,Michael Bourn,ATL,NL,127,460.0,54.0,113.0,16.0,6.0,3.0,34.0,41.0,116.0,16.0,7.0,0,0,0,0,0,29,106,3,131,OF
8854,Pedro Ciriaco,TEX,AL,104,281.0,28.0,71.0,12.0,2.0,3.0,25.0,6.0,56.0,10.0,3.0,0,2,7,24,9,1,0,0,1,SS
9006,Brooks Conrad,FA,,63,218.0,27.0,44.0,11.0,1.0,6.0,27.0,17.0,74.0,1.0,1.0,0,0,0,0,0,0,0,0,0,
9010,Jose Constanza,FA,,84,301.0,30.0,73.0,6.0,2.0,0.0,20.0,18.0,50.0,13.0,7.0,0,0,0,0,0,0,0,0,0,
9182,Carlos Corporan,FA,,54,165.0,18.0,36.0,6.0,0.0,5.0,22.0,10.0,50.0,0.0,0.0,31,0,0,0,0,0,0,0,0,C
9399,Nelson Cruz,SEA,AL,140,540.0,72.0,143.0,23.0,1.0,33.0,84.0,47.0,145.0,4.0,3.0,0,0,0,0,0,0,0,80,80,DH
9465,Alejandro de Aza,NYM,NL,127,432.0,57.0,111.0,22.0,7.0,9.0,42.0,35.0,101.0,12.0,8.0,0,0,0,0,0,69,1,37,96,OF
9666,Chris Dickerson,FA,,68,219.0,25.0,48.0,10.0,1.0,5.0,22.0,21.0,75.0,7.0,2.0,0,0,0,0,0,0,0,0,0,
9776,A.J. Ellis,LAD,NL,83,258.0,27.0,59.0,11.0,1.0,7.0,32.0,38.0,57.0,0.0,1.0,62,0,0,0,0,0,0,0,0,C
9842,Alcides Escobar,KC,AL,156,608.0,73.0,162.0,27.0,6.0,4.0,53.0,22.0,81.0,21.0,4.0,0,0,0,0,148,0,0,0,0,SS
9917,Andre Ethier,LAD,NL,130,390.0,46.0,103.0,21.0,4.0,10.0,54.0,40.0,81.0,2.0,2.0,0,0,0,0,0,51,1,80,127,OF
9963,Irving Falu,FA,,112,411.0,42.0,101.0,13.0,4.0,3.0,31.0,29.0,49.0,11.0,8.0,0,0,0,0,0,0,0,0,0,
10743,Travis Ishikawa,FA,,95,258.0,27.0,55.0,11.0,1.0,7.0,29.0,24.0,88.0,0.0,0.0,0,12,0,0,0,6,0,0,6,OF
10810,John Jaso,PIT,NL,80,233.0,31.0,63.0,16.0,1.0,6.0,29.0,31.0,45.0,2.0,1.0,0,0,0,0,0,7,0,1,8,1B
10957,Angel Pagan,SF,NL,113,439.0,58.0,117.0,20.0,4.0,4.0,36.0,29.0,70.0,12.0,5.0,0,0,0,0,0,0,124,0,124,OF
10984,Corey Hart,FA,,73,235.0,28.0,57.0,11.0,1.0,9.0,34.0,14.0,61.0,2.0,0.0,0,8,0,0,0,0,0,3,3,1B
11035,Elliot Johnson,FA,,82,240.0,25.0,51.0,11.0,3.0,3.0,22.0,18.0,69.0,8.0,2.0,0,0,0,0,0,0,0,0,0,
11073,Kelly Johnson,ATL,NL,110,311.0,37.0,72.0,11.0,2.0,12.0,40.0,29.0,88.0,4.0,2.0,0,25,28,12,1,29,0,8,37,OF
11115,Adam Jones,BAL,AL,150,605.0,84.0,167.0,30.0,3.0,29.0,94.0,23.0,118.0,7.0,2.0,0,0,0,0,0,0,134,0,134,OF
11134,Garrett Jones,FA,,98,296.0,35.0,71.0,15.0,2.0,14.0,42.0,23.0,77.0,1.0,0.0,0,21,0,0,0,4,0,24,27,1B
11159,Carlos Gomez,HOU,AL,133,494.0,72.0,128.0,27.0,4.0,17.0,66.0,32.0,128.0,23.0,9.0,0,0,1,0,0,0,111,0,111,OF
11333,Elian Herrera,FA,,120,398.0,43.0,95.0,19.0,3.0,4.0,35.0,24.0,92.0,7.0,2.0,0,0,36,47,0,1,0,3,4,OF
11338,Jonathan Herrera,FA,,71,156.0,20.0,37.0,5.0,1.0,1.0,14.0,8.0,29.0,2.0,2.0,0,0,29,16,1,0,0,0,0,1B
11370,Aaron Hill,MIL,NL,113,379.0,43.0,97.0,20.0,2.0,11.0,51.0,29.0,63.0,5.0,3.0,0,0,47,38,0,0,0,0,0,3B
11543,Bobby Wilson,TEX,AL,70,207.0,19.0,45.0,7.0,0.0,2.0,20.0,17.0,44.0,0.0,1.0,55,0,0,0,0,0,0,0,0,C
11614,David Wright,NYM,NL,107,421.0,56.0,112.0,21.0,2.0,10.0,54.0,49.0,93.0,7.0,3.0,0,0,0,38,0,0,0,0,0,3B
11633,Adrian Gonzalez,LAD,NL,144,538.0,70.0,145.0,31.0,0.0,22.0,97.0,49.0,105.0,1.0,1.0,0,149,0,0,0,0,0,0,0,1B
11634,Alberto Gonzalez,DET,AL,57,195.0,18.0,47.0,8.0,1.0,2.0,17.0,7.0,28.0,1.0,1.0,0,0,0,0,0,0,0,0,0,IF
11641,Carlos Gonzalez,COL,NL,118,430.0,62.0,118.0,22.0,3.0,27.0,73.0,38.0,107.0,8.0,1.0,0,0,0,0,0,0,0,151,151,OF
11861,Franklin Gutierrez,SEA,AL,78,280.0,36.0,67.0,16.0,0.0,12.0,39.0,18.0,83.0,2.0,1.0,0,0,0,0,0,42,0,4,46,OF
11914,Tony Gwynn,FA,,95,283.0,30.0,67.0,10.0,3.0,1.0,21.0,24.0,45.0,7.0,4.0,0,0,0,0,0,0,0,0,0,
11955,Don Kelly,FA,,59,115.0,14.0,26.0,4.0,1.0,1.0,9.0,13.0,20.0,2.0,1.0,0,1,0,1,0,0,0,0,0,1B
11965,Matt Kemp,SD,NL,132,494.0,69.0,129.0,27.0,2.0,16.0,78.0,40.0,130.0,9.0,3.0,0,0,0,0,0,0,0,149,149,OF
11967,Howie Kendrick,LAD,NL,129,508.0,64.0,145.0,26.0,4.0,9.0,62.0,29.0,88.0,8.0,3.0,0,0,113,0,0,0,0,0,0,2B
12025,Ian Kinsler,DET,AL,143,591.0,85.0,164.0,33.0,5.0,12.0,72.0,38.0,73.0,11.0,6.0,0,0,153,0,0,0,0,0,0,2B
12080,George Kottaras,FA,,47,128.0,16.0,25.0,3.0,0.0,5.0,14.0,21.0,53.0,0.0,0.0,0,0,0,0,0,0,0,0,0,C
12088,Erik Kratz,FA,,65,193.0,22.0,44.0,11.0,0.0,7.0,24.0,15.0,45.0,0.0,0.0,7,2,0,0,0,0,0,0,0,C
12297,Luis Valbuena,HOU,AL,128,412.0,57.0,98.0,21.0,1.0,18.0,54.0,54.0,101.0,1.0,2.0,0,31,1,99,0,0,0,0,0,3B
12529,Joey Votto,CIN,NL,132,455.0,73.0,130.0,30.0,2.0,19.0,63.0,112.0,117.0,7.0,3.0,0,156,0,0,0,0,0,0,0,1B
12534,Dan Uggla,FA,,82,230.0,28.0,45.0,8.0,1.0,7.0,33.0,31.0,80.0,1.0,1.0,0,1,31,0,0,0,0,0,0,2B
12814,Jose Lobaton,WAS,NL,64,188.0,19.0,42.0,8.0,1.0,4.0,23.0,18.0,51.0,0.0,0.0,42,0,0,0,0,0,0,0,0,C
13166,Nick Markakis,ATL,NL,143,576.0,73.0,159.0,29.0,1.0,7.0,49.0,57.0,77.0,2.0,1.0,0,0,0,0,0,0,0,153,153,OF
13188,Mike Napoli,CLE,AL,114,376.0,43.0,86.0,18.0,1.0,18.0,49.0,58.0,129.0,2.0,2.0,0,111,0,0,0,11,0,0,11,1B
13237,Russell Martin,TOR,AL,113,386.0,50.0,91.0,19.0,1.0,16.0,63.0,50.0,97.0,5.0,4.0,117,0,2,0,0,0,0,0,0,C
13280,Jarrod Saltalamacchia,DET,AL,102,315.0,39.0,71.0,17.0,0.0,12.0,39.0,38.0,119.0,1.0,1.0,47,4,0,0,0,0,0,0,0,C
13355,Pablo Sandoval,BOS,AL,135,504.0,53.0,134.0,28.0,2.0,13.0,66.0,33.0,76.0,0.0,0.0,0,0,0,123,0,0,0,0,0,3B
13485,Nate Schierholtz,DET,AL,99,313.0,33.0,72.0,15.0,2.0,9.0,38.0,16.0,77.0,3.0,3.0,0,0,0,0,0,0,0,0,0,OF
13812,Jayson Nix,FA,,74,227.0,22.0,48.0,9.0,1.0,3.0,18.0,13.0,68.0,4.0,3.0,0,0,0,0,0,0,0,0,0,3B
14244,Brian McCann,NYY,AL,122,428.0,55.0,105.0,15.0,1.0,21.0,79.0,40.0,82.0,0.0,0.0,126,10,0,0,0,0,0,0,0,C
14427,Denard Span,SF,NL,113,457.0,62.0,128.0,26.0,4.0,5.0,34.0,36.0,50.0,16.0,4.0,0,0,0,0,0,0,61,0,61,OF
14645,Casey McGehee,FA,,123,387.0,37.0,98.0,19.0,0.0,6.0,46.0,38.0,81.0,1.0,2.0,0,21,0,42,0,0,0,0,0,1B
14808,Gregorio Petit,FA,,101,356.0,37.0,81.0,17.0,1.0,5.0,33.0,16.0,75.0,1.0,2.0,0,0,13,3,0,0,0,0,0,3B
15106,Chris Stewart,PIT,NL,66,182.0,14.0,45.0,7.0,0.0,1.0,15.0,11.0,31.0,1.0,1.0,52,0,0,0,0,0,0,0,0,C
15107,Ian Stewart,FA,,55,178.0,20.0,33.0,7.0,2.0,6.0,19.0,18.0,71.0,1.0,0.0,0,0,0,0,0,0,0,0,0,3B
15229,Martin Prado,MIA,NL,137,532.0,58.0,149.0,26.0,3.0,9.0,61.0,35.0,64.0,3.0,2.0,0,0,11,124,0,0,0,0,0,3B
15246,Jason Pridie,FA,,112,434.0,48.0,102.0,17.0,4.0,12.0,46.0,30.0,108.0,12.0,3.0,0,0,0,0,0,1,1,2,4,
15260,Ryan Raburn,COL,NL,75,193.0,23.0,47.0,12.0,0.0,7.0,29.0,19.0,51.0,0.0,0.0,0,0,0,0,0,18,0,17,35,OF
15503,Carlos Quentin,FA,,41,129.0,19.0,31.0,9.0,0.0,6.0,21.0,14.0,25.0,0.0,0.0,0,0,0,0,0,0,0,0,0,OF
15648,Ryan Roberts,FA,,97,351.0,38.0,85.0,19.0,1.0,8.0,38.0,27.0,67.0,2.0,4.0,0,0,0,0,0,0,0,0,0,
15734,Guilder Rodriguez,FA,,71,257.0,24.0,59.0,5.0,0.0,0.0,13.0,20.0,46.0,7.0,5.0,0,0,0,0,0,0,0,0,0,
15758,Miguel Montero,CHC,NL,118,397.0,38.0,92.0,14.0,0.0,12.0,54.0,51.0,107.0,0.0,2.0,109,0,0,0,0,0,0,0,0,C
15871,Sean Rodriguez,PIT,NL,115,229.0,28.0,54.0,13.0,2.0,5.0,28.0,10.0,61.0,2.0,2.0,0,102,7,8,3,16,0,14,29,1B
15964,Jamie Romak,FA,,127,464.0,55.0,105.0,28.0,2.0,18.0,62.0,35.0,149.0,4.0,1.0,0,1,0,0,0,2,0,0,2,1B
15990,Jose Rondon,SD,NL,106,429.0,44.0,103.0,17.0,4.0,2.0,31.0,24.0,82.0,13.0,10.0,0,0,0,0,0,0,0,0,0,1B
16077,Carlos Ruiz,PHI,NL,87,295.0,30.0,68.0,16.0,1.0,3.0,26.0,30.0,49.0,2.0,1.0,83,0,0,0,0,0,0,0,0,C
16114,Brendan Ryan,FA,,73,196.0,19.0,41.0,10.0,1.0,1.0,17.0,13.0,47.0,2.0,1.0,0,3,26,14,6,0,0,2,2,1B
16140,Michael Morse,PIT,NL,106,325.0,33.0,79.0,15.0,1.0,12.0,37.0,23.0,93.0,0.0,0.0,0,58,0,0,0,6,0,0,6,1B
16154,Brandon Moss,STL,NL,133,435.0,53.0,103.0,21.0,3.0,21.0,63.0,47.0,135.0,1.0,1.0,0,42,0,0,0,10,0,82,92,1B
16213,David Murphy,BOS,AL,124,372.0,37.0,95.0,19.0,1.0,9.0,46.0,27.0,55.0,2.0,3.0,0,0,0,0,0,53,0,17,69,OF
16368,Gordon Beckham,ATL,NL,118,362.0,44.0,87.0,20.0,0.0,7.0,33.0,23.0,61.0,3.0,1.0,0,0,11,76,5,0,0,0,0,IF
16407,Joey Terdoslavich,BAL,AL,118,393.0,50.0,97.0,20.0,2.0,12.0,50.0,33.0,101.0,2.0,3.0,0,12,0,0,0,2,0,0,2,1B
16411,Jemile Weeks,SD,NL,95,345.0,39.0,79.0,14.0,4.0,2.0,22.0,33.0,70.0,8.0,2.0,0,0,3,0,0,0,0,0,0,IF
16418,Jon Jay,SD,NL,117,362.0,44.0,92.0,13.0,2.0,4.0,30.0,29.0,67.0,6.0,3.0,0,0,0,0,0,17,54,7,64,OF
16433,Eric Campbell,NYM,NL,113,334.0,47.0,81.0,17.0,1.0,7.0,39.0,41.0,74.0,7.0,3.0,0,5,0,48,0,4,0,0,4,1B
16730,Enrique Hernandez,LAD,NL,119,404.0,48.0,104.0,20.0,3.0,10.0,43.0,25.0,75.0,3.0,3.0,0,0,20,1,16,17,19,2,34,2B
16776,Brandon Allen,CIN,NL,106,370.0,48.0,82.0,16.0,3.0,13.0,48.0,36.0,101.0,3.0,1.0,0,0,0,0,0,0,0,0,0,1B
16792,Christian Marrero,BOS,AL,103,363.0,47.0,86.0,16.0,2.0,11.0,43.0,37.0,82.0,3.0,2.0,0,0,0,0,0,0,0,0,0,OF
16804,Tyler Flowers,ATL,NL,103,312.0,27.0,72.0,13.0,0.0,10.0,35.0,19.0,104.0,0.0,1.0,110,2,0,0,0,0,0,0,0,C
16821,Mark Trumbo,BAL,AL,131,485.0,66.0,125.0,22.0,2.0,28.0,88.0,38.0,126.0,2.0,2.0,0,23,0,0,0,13,0,76,88,OF
16871,Martin Maldonado,MIL,NL,72,199.0,18.0,44.0,8.0,0.0,5.0,25.0,17.0,55.0,0.0,1.0,74,1,0,0,0,0,0,0,0,C
16929,Charlie Blackmon,COL,NL,153,582.0,73.0,166.0,29.0,6.0,16.0,60.0,36.0,99.0,30.0,10.0,0,0,0,0,0,14,147,7,155,OF
16994,Ian Desmond,TEX,AL,148,564.0,69.0,139.0,26.0,2.0,22.0,74.0,42.0,166.0,16.0,5.0,0,0,0,0,155,0,0,0,0,OF
17025,Justin Maxwell,MIA,NL,91,258.0,31.0,55.0,11.0,2.0,7.0,25.0,20.0,85.0,3.0,2.0,0,0,0,0,0,19,3,58,79,OF
17077,Nick Evans,FA,,107,396.0,46.0,93.0,19.0,1.0,13.0,47.0,32.0,107.0,0.0,1.0,0,0,0,0,0,0,0,0,0,OF
17082,Mike Carp,FA,,47,122.0,14.0,28.0,7.0,1.0,3.0,20.0,10.0,35.0,1.0,1.0,0,0,0,0,0,0,0,0,0,1B
17164,Andrew Romine,DET,AL,109,283.0,33.0,68.0,8.0,1.0,3.0,21.0,18.0,62.0,10.0,5.0,0,17,13,59,27,2,0,0,2,1B
17189,Michael Saunders,TOR,AL,75,244.0,38.0,60.0,14.0,2.0,8.0,42.0,28.0,68.0,5.0,3.0,0,0,0,0,0,3,0,6,9,OF
17194,J.P. Arencibia,FA,,106,375.0,46.0,86.0,16.0,0.0,16.0,61.0,13.0,120.0,0.0,0.0,23,0,0,0,0,0,0,0,0,OF
17246,Chris Gimenez,TEX,AL,93,308.0,35.0,70.0,13.0,1.0,6.0,28.0,28.0,75.0,2.0,1.0,36,0,0,0,0,0,0,0,0,C
17282,Paul Janish,BAL,AL,103,309.0,27.0,69.0,11.0,2.0,1.0,19.0,19.0,55.0,1.0,2.0,0,0,1,0,13,0,0,0,0,SS
17324,Billy Butler,OAK,AL,150,542.0,59.0,143.0,28.0,1.0,14.0,72.0,52.0,98.0,0.0,0.0,0,7,0,0,0,0,0,0,0,DH
17378,Trevor Plouffe,MIN,AL,137,515.0,64.0,130.0,30.0,3.0,18.0,75.0,45.0,111.0,2.0,1.0,0,17,0,140,0,0,0,0,0,3B
17584,Mark Reynolds,COL,NL,128,378.0,47.0,90.0,17.0,1.0,25.0,61.0,46.0,117.0,3.0,2.0,0,100,1,22,0,5,0,1,6,1B
17766,Kevin Frandsen,FA,,114,338.0,32.0,86.0,13.0,1.0,3.0,28.0,13.0,32.0,2.0,2.0,0,4,0,0,0,0,0,0,0,
17827,Eric Young Jr.,MIL,NL,119,348.0,48.0,80.0,14.0,5.0,2.0,26.0,30.0,72.0,25.0,6.0,0,0,0,0,0,18,16,2,29,OF
17898,Justin Ruggiano,TEX,AL,101,306.0,41.0,74.0,15.0,1.0,13.0,41.0,29.0,92.0,8.0,5.0,0,0,0,0,0,22,15,13,47,OF
17933,Adam Lind,SEA,AL,126,417.0,51.0,108.0,22.0,1.0,12.0,57.0,47.0,91.0,0.0,0.0,0,138,0,0,0,0,0,0,0,1B
17940,Seth Smith,SEA,AL,121,373.0,51.0,91.0,24.0,3.0,11.0,41.0,46.0,91.0,0.0,0.0,0,0,0,0,0,65,0,55,110,OF
18038,Hunter Pence,SF,NL,113,446.0,66.0,118.0,21.0,4.0,15.0,65.0,35.0,90.0,9.0,3.0,0,0,0,0,0,0,0,51,51,OF
18067,Dustin Pedroia,BOS,AL,118,480.0,57.0,134.0,28.0,1.0,9.0,51.0,44.0,62.0,7.0,4.0,0,0,92,0,0,0,0,0,0,2B
18116,Reid Brignac,ATL,NL,96,303.0,31.0,67.0,14.0,1.0,4.0,26.0,28.0,76.0,2.0,1.0,0,0,0,2,0,0,0,0,0,3B
18165,Neil Walker,NYM,NL,138,502.0,68.0,131.0,27.0,3.0,19.0,71.0,45.0,101.0,3.0,2.0,0,0,146,0,0,0,0,0,0,2B
18194,Kurt Suzuki,MIN,AL,118,392.0,32.0,99.0,20.0,0.0,4.0,47.0,26.0,51.0,1.0,0.0,130,0,0,0,0,0,0,0,0,C
18233,Dexter Fowler,CHC,NL,135,494.0,76.0,126.0,22.0,6.0,13.0,43.0,71.0,127.0,14.0,6.0,0,0,0,0,0,0,152,0,152,OF
18234,Chris Iannetta,SEA,AL,94,271.0,31.0,58.0,12.0,0.0,9.0,34.0,45.0,83.0,1.0,1.0,85,2,0,0,0,0,0,0,0,C
18247,Sam Fuld,OAK,AL,104,252.0,30.0,55.0,11.0,3.0,3.0,23.0,26.0,46.0,10.0,3.0,0,0,0,0,0,57,43,16,108,OF
18447,Kendrys Morales,KC,AL,141,514.0,63.0,142.0,30.0,1.0,18.0,79.0,43.0,102.0,0.0,0.0,0,9,0,0,0,0,0,0,0,DH
18487,Sam Travis,NULL,NULL,116,455.0,50.0,119.0,25.0,3.0,10.0,51.0,33.0,93.0,12.0,9.0,0,0,0,0,0,0,0,0,0,
18510,Quintin Berry,FA,,114,364.0,36.0,73.0,9.0,1.0,3.0,24.0,37.0,112.0,22.0,5.0,0,0,0,0,0,2,2,1,5,OF
18549,Yasmani Grandal,LAD,NL,103,322.0,44.0,75.0,15.0,1.0,14.0,50.0,54.0,91.0,1.0,0.0,37,0,0,1,0,0,0,0,0,C
18558,Melky Cabrera,CHW,AL,137,548.0,71.0,154.0,28.0,3.0,11.0,64.0,37.0,72.0,5.0,2.0,0,0,0,0,0,150,0,0,150,OF
18578,Ryan Zimmerman,WAS,NL,103,382.0,49.0,98.0,23.0,1.0,15.0,69.0,37.0,86.0,2.0,0.0,0,93,0,0,0,1,0,0,1,1B
18582,Cliff Pennington,LAA,AL,94,235.0,24.0,52.0,8.0,1.0,2.0,18.0,25.0,54.0,5.0,1.0,0,0,33,18,29,8,0,0,8,1B
18586,Bryan D. Anderson,FA,,82,278.0,28.0,57.0,13.0,1.0,5.0,26.0,21.0,85.0,1.0,0.0,3,0,0,0,0,0,0,0,0,
18592,Stephen Drew,WAS,NL,111,352.0,36.0,77.0,19.0,3.0,10.0,42.0,36.0,80.0,1.0,1.0,0,0,123,4,15,0,0,0,0,IF
18593,Justin Upton,DET,AL,148,540.0,87.0,143.0,27.0,3.0,28.0,86.0,67.0,154.0,13.0,4.0,0,0,0,0,0,146,0,0,146,OF
18595,Brett Hayes,ARI,NL,59,185.0,17.0,38.0,9.0,0.0,6.0,18.0,6.0,53.0,1.0,0.0,14,0,0,0,0,0,0,0,0,C
18599,Drew Butera,KC,AL,54,133.0,11.0,27.0,5.0,1.0,2.0,9.0,9.0,33.0,0.0,0.0,49,8,0,0,0,0,0,0,0,C
18602,Andrew McCutchen,PIT,NL,149,550.0,89.0,161.0,33.0,4.0,23.0,89.0,84.0,118.0,14.0,6.0,0,0,0,0,0,0,152,0,152,OF
18603,Taylor Teagarden,FA,,55,172.0,18.0,35.0,6.0,0.0,5.0,20.0,14.0,67.0,0.0,0.0,6,0,0,0,0,0,0,0,0,
18606,Troy Tulowitzki,TOR,AL,113,414.0,57.0,108.0,22.0,1.0,17.0,61.0,43.0,100.0,1.0,1.0,0,0,0,0,121,0,0,0,0,SS
18609,Alex Gordon,KC,AL,139,513.0,68.0,134.0,29.0,2.0,16.0,62.0,60.0,126.0,7.0,4.0,0,0,0,0,0,101,0,0,101,OF
18611,Ramiro Pena,FA,,89,269.0,28.0,67.0,12.0,1.0,3.0,22.0,17.0,44.0,1.0,2.0,0,0,0,0,0,0,0,0,0,IF
18637,Munenori Kawasaki,FA,,93,247.0,25.0,57.0,9.0,2.0,0.0,17.0,23.0,46.0,4.0,2.0,0,0,17,3,0,0,0,0,0,1B
18644,Nori Aoki,SEA,AL,117,439.0,54.0,118.0,16.0,3.0,5.0,32.0,34.0,38.0,14.0,7.0,0,0,0,0,0,86,0,2,87,OF
18688,Yoenis Cespedes,NYM,NL,149,586.0,89.0,158.0,32.0,6.0,30.0,98.0,33.0,132.0,7.0,5.0,0,0,0,0,0,134,40,0,153,OF
18714,Hector Olivera,ATL,NL,95,335.0,41.0,86.0,12.0,2.0,9.0,34.0,33.0,48.0,0.0,0.0,0,0,0,21,0,0,0,0,0,OF
18722,Alexei Ramirez,SD,NL,148,576.0,62.0,150.0,32.0,2.0,9.0,59.0,23.0,65.0,18.0,6.0,0,0,0,0,152,0,0,0,0,SS
18735,Dayan Viciedo,FA,,112,407.0,51.0,103.0,18.0,3.0,16.0,52.0,24.0,93.0,0.0,0.0,0,0,0,0,0,0,0,0,0,OF
18821,Darren Ford,SF,NL,98,332.0,37.0,75.0,10.0,2.0,6.0,29.0,23.0,83.0,21.0,11.0,0,0,0,0,0,0,0,0,0,OF
18826,Jed Lowrie,OAK,AL,105,380.0,47.0,94.0,23.0,1.0,9.0,44.0,36.0,62.0,1.0,0.0,0,0,0,47,17,0,0,0,0,2B
18842,Ivan De Jesus,CIN,NL,116,379.0,38.0,92.0,17.0,4.0,5.0,40.0,31.0,97.0,2.0,2.0,0,4,20,13,10,18,0,0,18,1B
18858,Yunel Escobar,LAA,AL,135,494.0,53.0,133.0,20.0,1.0,7.0,47.0,40.0,67.0,2.0,2.0,0,0,0,134,0,0,0,0,0,3B
18922,Jose Tabata,FA,,116,339.0,35.0,86.0,16.0,3.0,3.0,31.0,22.0,53.0,3.0,4.0,0,0,0,0,0,3,0,5,8,OF
18923,Austin Jackson,CHW,AL,145,559.0,72.0,146.0,29.0,7.0,10.0,52.0,43.0,138.0,14.0,8.0,0,0,0,0,0,4,115,22,135,OF
18924,Eduardo Nunez,MIN,AL,85,250.0,30.0,65.0,12.0,3.0,4.0,25.0,13.0,39.0,11.0,4.0,0,0,1,16,27,3,0,0,3,1B
18927,Cameron Maybin,DET,AL,110,371.0,51.0,97.0,15.0,3.0,7.0,44.0,30.0,74.0,14.0,4.0,0,0,0,0,0,0,139,0,139,OF
18933,Peter Bourjos,PHI,NL,105,218.0,33.0,49.0,8.0,3.0,5.0,19.0,18.0,66.0,6.0,4.0,0,0,0,0,0,0,93,0,93,OF
18936,Elvis Andrus,TEX,AL,156,604.0,73.0,161.0,30.0,3.0,5.0,57.0,47.0,89.0,27.0,10.0,0,0,0,0,160,0,0,0,0,SS
18952,Ryan Braun,MIL,NL,139,525.0,80.0,147.0,30.0,3.0,23.0,90.0,49.0,114.0,18.0,5.0,0,0,0,0,0,0,0,130,130,OF
18953,Lorenzo Cain,KC,AL,136,507.0,70.0,144.0,30.0,5.0,9.0,62.0,31.0,101.0,23.0,6.0,0,0,0,0,0,0,136,5,137,OF
18961,Adam Rosales,FA,,83,238.0,27.0,55.0,11.0,1.0,6.0,18.0,18.0,59.0,4.0,3.0,0,19,19,14,0,1,0,0,1,OF
18967,Michael Brantley,CLE,AL,144,551.0,73.0,166.0,38.0,2.0,14.0,84.0,53.0,55.0,17.0,3.0,0,0,0,0,0,101,28,0,118,OF
18976,Steve Tolleson,BAL,AL,76,203.0,24.0,48.0,9.0,1.0,3.0,17.0,17.0,51.0,5.0,2.0,0,0,11,0,4,3,0,1,4,2B
18979,John Mayberry,DET,AL,93,222.0,24.0,48.0,13.0,1.0,6.0,25.0,18.0,57.0,1.0,1.0,0,0,0,0,0,19,0,11,29,OF
18980,Chase Headley,NYY,AL,141,517.0,68.0,130.0,26.0,1.0,16.0,65.0,53.0,132.0,4.0,3.0,0,1,0,155,0,0,0,0,0,3B
18996,Paulo Orlando,KC,AL,121,415.0,43.0,102.0,17.0,4.0,6.0,37.0,16.0,82.0,12.0,4.0,0,0,0,0,0,37,5,45,79,OF
19004,Jacoby Ellsbury,NYY,AL,121,491.0,66.0,132.0,21.0,4.0,9.0,46.0,37.0,83.0,26.0,6.0,0,0,0,0,0,0,110,0,110,OF
19013,Delmon Young,FA,,86,286.0,29.0,77.0,12.0,0.0,8.0,34.0,10.0,57.0,1.0,0.0,0,0,0,0,0,2,0,40,42,DH
19022,Brett Gardner,NYY,AL,128,481.0,74.0,123.0,24.0,6.0,12.0,54.0,50.0,115.0,17.0,5.0,0,0,0,0,0,119,40,0,150,OF
19026,Francisco Pena,BAL,AL,99,341.0,38.0,81.0,15.0,1.0,10.0,42.0,15.0,68.0,2.0,2.0,8,0,0,0,0,0,0,0,0,C
19037,Colby Rasmus,HOU,AL,123,410.0,58.0,100.0,22.0,2.0,21.0,58.0,42.0,138.0,3.0,1.0,0,0,0,0,0,72,43,43,131,OF
19042,Emilio Bonifacio,ATL,NL,91,280.0,33.0,67.0,10.0,2.0,2.0,19.0,18.0,66.0,16.0,6.0,0,0,17,1,0,2,3,0,5,IF
19046,Evan Longoria,TB,AL,148,562.0,75.0,146.0,29.0,2.0,22.0,77.0,52.0,129.0,3.0,1.0,0,0,0,148,0,0,0,0,0,3B
19052,Nick Hundley,COL,NL,94,307.0,32.0,84.0,16.0,2.0,9.0,40.0,18.0,68.0,3.0,3.0,102,0,0,0,0,0,0,0,0,C
19053,Will Venable,CLE,AL,137,384.0,52.0,95.0,17.0,4.0,10.0,43.0,32.0,97.0,14.0,4.0,0,0,0,0,0,39,63,21,110,OF
19054,Tyler Colvin,FA,,98,316.0,31.0,64.0,13.0,3.0,6.0,30.0,18.0,110.0,2.0,1.0,0,0,0,0,0,0,0,0,0,
19134,Buster Posey,SF,NL,147,541.0,70.0,165.0,29.0,1.0,18.0,86.0,54.0,63.0,2.0,1.0,106,42,0,0,0,0,0,0,0,C
19169,Daniel Murphy,WAS,NL,142,565.0,76.0,161.0,36.0,3.0,12.0,74.0,34.0,68.0,10.0,3.0,0,17,69,42,0,0,0,0,0,2B
19176,Tony Sanchez,FA,,99,336.0,39.0,75.0,21.0,1.0,9.0,46.0,31.0,102.0,1.0,1.0,2,0,0,0,0,0,0,0,0,C
19192,Carlos Triunfel,FA,,111,380.0,41.0,90.0,17.0,3.0,7.0,37.0,11.0,81.0,3.0,3.0,0,0,0,0,0,0,0,0,0,3B
19203,Cole Gillespie,MIA,NL,109,331.0,39.0,83.0,17.0,2.0,4.0,29.0,29.0,61.0,7.0,2.0,0,0,0,0,0,10,31,17,52,OF
19207,Mike Baxter,FA,,110,316.0,35.0,69.0,12.0,3.0,3.0,22.0,31.0,81.0,6.0,4.0,0,2,0,0,0,1,0,10,11,OF
19212,Ed Lucas,FA,,104,372.0,37.0,85.0,11.0,1.0,4.0,25.0,24.0,99.0,2.0,2.0,0,0,0,0,0,0,0,0,0,OF
19220,Brennan Boesch,BOS,AL,93,299.0,30.0,69.0,14.0,2.0,9.0,35.0,17.0,81.0,3.0,2.0,0,0,0,0,0,8,8,8,23,OF
19221,Scott Sizemore,FA,,78,268.0,33.0,62.0,13.0,2.0,5.0,29.0,25.0,75.0,2.0,1.0,0,0,0,0,0,0,0,0,0,IF
19234,Jay Bruce,CIN,NL,146,541.0,76.0,132.0,31.0,1.0,25.0,88.0,54.0,149.0,9.0,4.0,0,0,0,0,0,0,0,150,150,OF
19238,Chris Marrero,CHW,AL,88,327.0,35.0,79.0,17.0,2.0,8.0,36.0,20.0,78.0,0.0,0.0,0,0,0,0,0,0,0,0,0,1B
19254,Carlos Santana,CLE,AL,140,499.0,66.0,122.0,28.0,1.0,21.0,81.0,95.0,111.0,6.0,2.0,0,132,0,0,0,0,0,0,0,DH
19255,Jordan Schafer,LAD,NL,71,172.0,20.0,38.0,7.0,1.0,2.0,14.0,15.0,49.0,13.0,5.0,0,0,0,0,0,1,26,0,27,RP
19264,Jose A. Martinez,KC,AL,100,371.0,43.0,104.0,19.0,2.0,6.0,39.0,28.0,69.0,5.0,4.0,0,0,0,0,0,0,0,0,0,OF
19265,Craig Gentry,LAA,AL,111,328.0,39.0,75.0,10.0,2.0,3.0,22.0,23.0,74.0,16.0,5.0,0,0,0,0,0,13,8,6,25,OF
19271,Pedro Florimon,PIT,NL,111,323.0,35.0,68.0,14.0,3.0,5.0,30.0,25.0,98.0,12.0,3.0,0,0,3,0,17,0,0,0,0,1B
19272,Nolan Reimold,BAL,AL,70,223.0,24.0,50.0,9.0,0.0,5.0,22.0,23.0,66.0,2.0,1.0,0,0,0,0,0,37,9,13,51,OF
19279,Gerardo Parra,COL,NL,152,538.0,77.0,157.0,32.0,4.0,10.0,52.0,33.0,84.0,11.0,7.0,0,0,0,0,0,53,41,63,144,OF
19280,Drew Stubbs,FA,,127,356.0,45.0,76.0,13.0,2.0,10.0,30.0,35.0,135.0,16.0,3.0,0,0,0,0,0,21,42,4,64,OF
19300,Chris Valaika,FA,,108,356.0,37.0,83.0,17.0,1.0,8.0,39.0,19.0,86.0,2.0,2.0,0,0,0,0,0,0,0,0,0,
19309,Steven Pearce,TB,AL,83,265.0,34.0,63.0,14.0,1.0,11.0,32.0,26.0,64.0,2.0,1.0,0,28,18,0,0,41,0,8,49,1B
19316,Adam Moore,CLE,AL,80,278.0,28.0,61.0,13.0,0.0,6.0,27.0,17.0,97.0,1.0,0.0,1,0,0,0,0,0,0,0,0,C
19326,David Freese,PIT,NL,127,438.0,50.0,109.0,22.0,1.0,11.0,54.0,37.0,109.0,1.0,2.0,0,0,0,113,0,0,0,0,0,3B
19334,Justin Turner,LAD,NL,112,309.0,40.0,91.0,22.0,1.0,9.0,44.0,25.0,57.0,4.0,1.0,0,10,5,100,1,0,0,0,0,3B
19362,Matt Wieters,BAL,AL,86,307.0,33.0,78.0,15.0,1.0,12.0,41.0,26.0,66.0,1.0,0.0,55,3,0,0,0,0,0,0,0,C
19366,Danny Worth,FA,,96,326.0,30.0,64.0,16.0,2.0,4.0,26.0,27.0,123.0,5.0,2.0,0,0,0,0,0,0,0,0,0,
19372,Tuffy Gosewisch,ARI,NL,53,179.0,13.0,39.0,10.0,0.0,2.0,17.0,7.0,35.0,1.0,1.0,37,0,0,0,0,0,0,0,0,C
19376,Chris Coghlan,OAK,AL,127,386.0,47.0,92.0,21.0,4.0,8.0,35.0,42.0,83.0,8.0,3.0,0,5,15,3,0,99,0,21,119,OF
19377,Chris Davis,BAL,AL,143,520.0,85.0,138.0,25.0,0.0,42.0,109.0,62.0,181.0,2.0,3.0,0,111,0,0,0,0,0,30,30,1B
19381,Welington Castillo,ARI,NL,108,354.0,38.0,88.0,18.0,0.0,14.0,48.0,28.0,92.0,1.0,0.0,88,0,0,0,0,0,0,0,0,C
19382,Josh Donaldson,TOR,AL,148,573.0,90.0,159.0,35.0,3.0,32.0,105.0,64.0,125.0,6.0,1.0,0,0,0,150,0,0,0,0,0,3B
19388,Anthony Recker,CLE,AL,58,174.0,21.0,34.0,7.0,1.0,7.0,24.0,16.0,66.0,1.0,1.0,28,1,0,1,0,0,0,0,0,C
19395,Jackson Williams,FA,,85,281.0,28.0,65.0,12.0,1.0,4.0,25.0,22.0,62.0,2.0,2.0,7,0,0,0,0,0,0,0,0,
19396,Emmanuel Burriss,PHI,NL,102,381.0,42.0,96.0,12.0,4.0,4.0,31.0,24.0,52.0,10.0,6.0,0,0,1,0,0,0,0,0,0,1B
19401,Jesus Montero,SEA,AL,116,436.0,54.0,114.0,18.0,2.0,15.0,61.0,24.0,100.0,1.0,1.0,0,27,0,0,0,0,0,0,0,1B
19402,Austin Romine,NYY,AL,83,282.0,32.0,68.0,15.0,0.0,8.0,33.0,15.0,61.0,1.0,0.0,0,1,0,0,0,0,0,0,0,C
19404,Travis Snider,KC,AL,115,301.0,34.0,74.0,16.0,2.0,8.0,35.0,31.0,80.0,2.0,1.0,0,0,0,0,0,42,0,22,63,OF
19418,Michael McKenry,TEX,AL,61,163.0,18.0,37.0,8.0,1.0,6.0,21.0,21.0,48.0,1.0,2.0,32,0,0,0,0,0,0,0,0,C
19423,Hank Conger,TB,AL,78,222.0,24.0,50.0,11.0,0.0,7.0,26.0,21.0,62.0,0.0,1.0,69,0,0,0,0,1,0,0,1,C
19439,Kyle Blanks,SF,NL,53,165.0,24.0,41.0,9.0,0.0,6.0,18.0,14.0,51.0,1.0,0.0,0,13,0,0,0,3,0,0,3,1B
19464,Ryan LaMarre,BOS,AL,94,309.0,34.0,70.0,14.0,2.0,6.0,29.0,18.0,103.0,10.0,5.0,0,0,0,0,0,2,13,1,16,OF
19562,Nick Noonan,FA,,109,363.0,35.0,77.0,15.0,1.0,4.0,27.0,21.0,107.0,3.0,2.0,0,3,0,0,5,0,0,0,0,
19568,Ezequiel Carrera,TOR,AL,131,401.0,48.0,102.0,16.0,3.0,6.0,41.0,26.0,86.0,21.0,7.0,0,0,0,0,0,46,5,35,81,OF
19576,Chris Carter,MIL,NL,132,435.0,65.0,103.0,22.0,1.0,31.0,85.0,60.0,154.0,2.0,1.0,0,115,0,0,0,0,0,0,0,1B
19586,Domonic Brown,FA,,132,456.0,52.0,111.0,23.0,2.0,14.0,73.0,31.0,96.0,8.0,3.0,0,0,0,0,0,0,0,50,50,OF
19598,Lars Anderson,LAD,NL,98,352.0,37.0,76.0,19.0,1.0,7.0,36.0,38.0,97.0,1.0,1.0,0,0,0,0,0,0,0,0,0,1B
19600,Chris Johnson,MIA,NL,121,420.0,35.0,114.0,21.0,1.0,7.0,42.0,18.0,104.0,3.0,1.0,0,30,0,27,0,0,0,0,0,3B
19601,Brandon Hicks,FA,,81,267.0,31.0,51.0,12.0,2.0,9.0,31.0,22.0,108.0,2.0,1.0,0,0,0,0,0,0,0,0,0,
19604,Justin Sellers,FA,,68,227.0,22.0,52.0,10.0,1.0,2.0,16.0,12.0,43.0,1.0,1.0,0,0,0,0,0,0,0,0,0,
19607,Darwin Barney,TOR,AL,119,391.0,43.0,94.0,18.0,1.0,6.0,41.0,23.0,56.0,4.0,2.0,0,0,15,1,1,0,0,0,0,1B
19612,Marwin Gonzalez,HOU,AL,117,338.0,40.0,87.0,17.0,1.0,8.0,30.0,16.0,67.0,4.0,4.0,0,43,15,21,32,15,0,0,15,2B
19619,Gorkys Hernandez,SF,NL,107,358.0,40.0,81.0,14.0,2.0,4.0,31.0,28.0,103.0,14.0,5.0,0,0,0,0,0,4,0,2,6,OF
19634,Kristopher Negron,CHC,NL,107,323.0,33.0,69.0,12.0,2.0,6.0,28.0,20.0,95.0,8.0,2.0,0,2,6,2,10,10,5,2,16,SS
19647,Eric Sogard,OAK,AL,116,338.0,38.0,83.0,13.0,2.0,2.0,32.0,24.0,44.0,7.0,3.0,0,0,96,1,17,0,0,0,0,1B
19654,Daniel Nava,LAA,AL,96,296.0,33.0,70.0,12.0,0.0,5.0,28.0,31.0,74.0,3.0,1.0,0,13,0,0,0,12,0,34,45,OF
19658,Lucas Duda,NYM,NL,137,465.0,70.0,116.0,26.0,1.0,28.0,86.0,63.0,130.0,2.0,2.0,0,129,0,0,0,0,0,0,0,1B
19671,Alex Presley,FA,,111,383.0,44.0,99.0,13.0,4.0,8.0,38.0,24.0,66.0,9.0,4.0,0,0,0,0,0,4,1,1,6,OF
19709,Andy Parrino,CHW,AL,109,367.0,37.0,75.0,13.0,2.0,6.0,27.0,31.0,117.0,2.0,1.0,0,0,0,6,10,0,0,0,0,SS
19715,Corey Brown,FA,,110,399.0,49.0,90.0,19.0,3.0,15.0,53.0,27.0,137.0,8.0,3.0,0,0,0,0,0,0,0,0,0,OF
19722,Freddy Galvis,PHI,NL,126,444.0,49.0,110.0,17.0,5.0,8.0,47.0,23.0,87.0,5.0,1.0,0,0,4,0,146,0,0,0,0,SS
19748,Danny Valencia,OAK,AL,106,358.0,44.0,94.0,22.0,2.0,12.0,53.0,22.0,78.0,2.0,2.0,0,5,3,55,0,32,0,5,37,3B
19762,Donovan Solano,NYY,AL,112,333.0,32.0,82.0,12.0,1.0,3.0,31.0,16.0,67.0,2.0,1.0,0,0,7,10,10,0,0,0,0,SS
19777,Jason Heyward,CHC,NL,148,543.0,85.0,149.0,29.0,3.0,17.0,66.0,62.0,104.0,18.0,4.0,0,0,0,0,0,0,10,144,147,OF
19783,Efren Navarro,FA,,128,429.0,48.0,105.0,22.0,2.0,4.0,39.0,33.0,87.0,2.0,3.0,0,29,0,0,0,15,0,3,17,IF
19790,Caleb Gindl,FA,,110,379.0,38.0,86.0,19.0,3.0,8.0,39.0,29.0,98.0,2.0,2.0,0,0,0,0,0,0,0,0,0,
19791,Carlos Peguero,FA,,88,311.0,39.0,72.0,15.0,1.0,14.0,40.0,25.0,113.0,5.0,3.0,0,0,0,0,0,25,1,9,31,
19802,Shane Robinson,CLE,AL,93,198.0,25.0,48.0,8.0,2.0,1.0,18.0,17.0,33.0,4.0,1.0,0,0,0,0,0,55,15,12,75,OF
19803,Allen Craig,BOS,AL,123,440.0,45.0,108.0,22.0,1.0,9.0,48.0,39.0,106.0,1.0,0.0,0,6,0,0,0,7,0,9,16,1B
19865,Conor Gillaspie,FA,,109,365.0,36.0,92.0,20.0,4.0,6.0,41.0,25.0,64.0,0.0,2.0,0,2,1,69,0,0,0,0,0,1B
19866,Pedro Alvarez,BAL,AL,136,438.0,57.0,104.0,18.0,1.0,25.0,77.0,47.0,136.0,4.0,1.0,0,124,0,0,0,0,0,0,0,DH
19874,Brian Bogusevic,FA,,118,415.0,53.0,102.0,16.0,3.0,12.0,46.0,32.0,107.0,12.0,4.0,0,0,0,0,0,2,0,14,16,
19880,Wilson Ramos,WAS,NL,99,369.0,35.0,92.0,13.0,0.0,13.0,57.0,19.0,68.0,0.0,0.0,125,0,0,0,0,0,0,0,0,C
19884,Casper Wells,DET,AL,35,90.0,10.0,17.0,3.0,0.0,2.0,7.0,8.0,31.0,0.0,0.0,0,0,0,0,0,0,0,0,0,OF
19893,Yonder Alonso,OAK,AL,107,365.0,45.0,98.0,19.0,1.0,6.0,42.0,35.0,49.0,4.0,3.0,0,102,0,2,0,0,0,0,0,1B
19896,Hector Gomez,FA,,104,305.0,31.0,66.0,16.0,4.0,5.0,28.0,11.0,80.0,3.0,3.0,0,0,27,12,8,1,0,0,1,
19912,Everth Cabrera,FA,,88,335.0,40.0,82.0,12.0,2.0,2.0,23.0,25.0,73.0,21.0,6.0,0,0,2,0,27,0,0,0,0,SS
19932,Jason Castro,HOU,AL,109,373.0,44.0,86.0,21.0,1.0,12.0,45.0,36.0,119.0,1.0,0.0,103,0,0,0,0,0,0,0,0,C
19942,Alex Avila,CHW,AL,98,295.0,32.0,60.0,12.0,0.0,9.0,29.0,51.0,116.0,0.0,1.0,44,23,0,0,0,0,0,0,0,C
19944,Kyle Skipworth,CIN,NL,79,256.0,29.0,46.0,10.0,1.0,12.0,32.0,16.0,128.0,0.0,1.0,0,0,0,0,0,0,0,0,0,C
19945,Matt Dominguez,TOR,AL,142,521.0,56.0,126.0,26.0,1.0,15.0,70.0,24.0,98.0,0.0,1.0,0,0,0,0,0,0,0,0,0,3B
19946,Logan Morrison,TB,AL,122,399.0,48.0,96.0,17.0,2.0,13.0,50.0,40.0,73.0,6.0,3.0,0,140,0,0,0,1,0,3,4,DH
19947,Giancarlo Stanton,MIA,NL,119,427.0,72.0,115.0,22.0,2.0,34.0,83.0,64.0,144.0,7.0,3.0,0,0,0,0,0,0,0,71,71,OF
19948,Jonathan Lucroy,MIL,NL,117,431.0,56.0,119.0,27.0,3.0,9.0,55.0,42.0,63.0,2.0,1.0,86,7,0,0,0,0,0,0,0,C
19961,Justin Smoak,TOR,AL,132,390.0,51.0,92.0,21.0,1.0,17.0,65.0,42.0,101.0,0.0,1.0,0,110,0,0,0,0,0,0,0,1B
19966,Devin Mesoraco,CIN,NL,71,214.0,26.0,52.0,11.0,0.0,9.0,30.0,21.0,50.0,1.0,1.0,6,0,0,0,0,0,0,0,0,C
19967,Todd Frazier,CHW,AL,150,564.0,78.0,144.0,30.0,2.0,25.0,80.0,46.0,132.0,12.0,7.0,0,0,0,155,0,0,0,0,0,3B
19971,Steve Clevenger,SEA,AL,90,305.0,31.0,77.0,13.0,1.0,4.0,27.0,23.0,52.0,0.0,1.0,9,1,0,0,0,0,0,0,0,C
19977,Josh Thole,TOR,AL,70,212.0,19.0,51.0,8.0,0.0,2.0,17.0,18.0,37.0,0.0,1.0,18,0,0,0,0,0,0,0,0,C
19984,Freddie Freeman,ATL,NL,144,525.0,87.0,147.0,32.0,2.0,21.0,84.0,73.0,130.0,3.0,2.0,0,117,0,0,0,0,0,0,0,1B
19992,Tony Cruz,KC,AL,59,135.0,10.0,30.0,8.0,1.0,1.0,15.0,7.0,30.0,0.0,1.0,51,0,0,3,0,0,0,0,0,C
19995,Brett Wallace,SD,NL,130,430.0,56.0,104.0,19.0,1.0,16.0,52.0,31.0,137.0,1.0,1.0,0,17,0,5,0,0,0,0,0,1B
19997,Eric Fryer,FA,,73,220.0,23.0,49.0,9.0,1.0,2.0,18.0,19.0,55.0,3.0,1.0,15,0,0,0,0,0,0,0,0,C
20004,Josh Reddick,OAK,AL,133,467.0,61.0,120.0,23.0,4.0,17.0,67.0,44.0,80.0,8.0,2.0,0,0,0,0,0,0,1,143,143,OF
20018,Brett Lawrie,CHW,AL,125,466.0,55.0,119.0,21.0,2.0,15.0,53.0,32.0,111.0,5.0,2.0,0,0,42,109,0,0,0,0,0,2B
20027,Wilin Rosario,FA,,123,414.0,47.0,115.0,24.0,1.0,16.0,60.0,18.0,93.0,3.0,2.0,2,53,0,0,0,0,0,0,0,1B
20067,Tim Beckham,TB,AL,85,277.0,32.0,65.0,11.0,3.0,5.0,30.0,18.0,80.0,5.0,3.0,0,0,38,1,28,0,0,0,0,1B
20099,Jose Abreu,CHW,AL,143,551.0,84.0,157.0,30.0,2.0,29.0,89.0,46.0,119.0,1.0,2.0,0,115,0,0,0,0,0,0,0,1B
20106,Leonys Martin,SEA,AL,125,409.0,48.0,101.0,17.0,4.0,8.0,37.0,26.0,99.0,23.0,8.0,0,0,0,0,0,0,92,0,92,OF
20215,Ruben Tejada,STL,NL,120,401.0,42.0,100.0,21.0,0.0,3.0,33.0,39.0,74.0,2.0,2.0,0,0,13,19,81,0,0,0,0,SS
20232,Gift Ngoepe,PIT,NL,107,369.0,36.0,69.0,13.0,4.0,5.0,30.0,32.0,143.0,7.0,6.0,0,0,0,0,0,0,0,0,0,1B
20257,Logan Schafer,FA,,128,346.0,36.0,79.0,18.0,4.0,3.0,30.0,25.0,66.0,5.0,2.0,0,0,0,0,0,1,49,0,50,OF
20274,Jordan Danks,FA,,125,398.0,44.0,85.0,17.0,0.0,9.0,41.0,33.0,134.0,5.0,3.0,0,0,0,0,0,1,0,0,1,OF
20283,Wilmer Flores,NYM,NL,143,520.0,65.0,136.0,27.0,3.0,15.0,70.0,25.0,79.0,1.0,2.0,0,0,37,0,103,0,0,0,0,1B
20285,Rey Navarro,LAA,AL,118,455.0,51.0,113.0,22.0,2.0,8.0,42.0,24.0,73.0,4.0,5.0,0,0,9,0,0,0,0,0,0,IF
20300,Kirk Nieuwenhuis,MIL,NL,109,298.0,45.0,67.0,17.0,2.0,13.0,45.0,26.0,99.0,5.0,3.0,0,0,0,0,0,34,16,7,51,OF
20301,Ike Davis,FA,,110,322.0,38.0,73.0,18.0,0.0,11.0,42.0,47.0,80.0,1.0,1.0,0,65,0,0,0,0,0,0,0,1B
20304,Roger Kieschnick,FA,,110,398.0,43.0,85.0,18.0,3.0,10.0,43.0,24.0,129.0,2.0,2.0,0,0,0,0,0,0,0,0,0,
20307,Ehire Adrianza,SF,NL,97,294.0,33.0,66.0,12.0,2.0,3.0,24.0,26.0,68.0,7.0,3.0,0,1,20,1,20,0,0,0,0,1B
20315,Mitch Moreland,TEX,AL,114,374.0,41.0,97.0,20.0,1.0,16.0,62.0,28.0,89.0,1.0,0.0,0,120,0,0,0,0,0,0,0,1B
20321,Charlie Culberson,FA,,74,234.0,22.0,53.0,11.0,3.0,6.0,27.0,8.0,63.0,5.0,3.0,0,0,0,0,0,0,0,0,0,OF
20323,Brandon Crawford,SF,NL,146,490.0,58.0,122.0,26.0,5.0,14.0,67.0,43.0,112.0,5.0,3.0,0,0,0,0,140,0,0,0,0,SS
20339,Dee Gordon,MIA,NL,140,565.0,81.0,165.0,20.0,9.0,3.0,40.0,31.0,94.0,53.0,18.0,0,0,145,0,0,0,0,0,0,2B
20345,Collin Cowgill,CLE,AL,90,220.0,29.0,52.0,9.0,1.0,5.0,18.0,16.0,54.0,4.0,1.0,0,0,0,0,0,41,4,4,46,OF
20349,Jordy Mercer,PIT,NL,129,433.0,43.0,110.0,23.0,2.0,7.0,43.0,29.0,80.0,3.0,2.0,0,0,0,0,115,0,0,0,0,SS
20351,Brandon Guyer,TB,AL,107,311.0,45.0,80.0,16.0,2.0,5.0,28.0,20.0,59.0,9.0,2.0,0,0,0,0,0,60,23,41,110,OF
20354,Danny Espinosa,WAS,NL,120,395.0,49.0,88.0,20.0,2.0,11.0,37.0,27.0,127.0,7.0,2.0,0,5,81,16,8,5,0,0,5,SS
20355,Stephen Vogt,OAK,AL,118,401.0,46.0,102.0,18.0,3.0,13.0,53.0,38.0,77.0,1.0,1.0,99,25,0,0,0,0,0,0,0,C
20364,Zack Cozart,CIN,NL,107,393.0,49.0,97.0,19.0,3.0,9.0,42.0,21.0,66.0,4.0,1.0,0,0,0,0,52,0,0,0,0,SS
20368,Michael Martinez,CLE,AL,106,339.0,35.0,80.0,13.0,4.0,3.0,29.0,20.0,67.0,5.0,4.0,0,0,0,1,0,9,2,1,12,2B
20371,Tim Federowicz,CHC,NL,67,236.0,28.0,56.0,13.0,0.0,6.0,31.0,17.0,71.0,0.0,0.0,0,0,0,0,0,0,0,0,0,C
20382,Angel Villalona,SF,NL,109,392.0,37.0,78.0,16.0,1.0,8.0,37.0,21.0,134.0,0.0,0.0,0,0,0,0,0,0,0,0,0,1B
20384,Miguel Rojas,MIA,NL,130,379.0,41.0,94.0,15.0,2.0,4.0,32.0,22.0,51.0,4.0,5.0,0,0,9,9,32,0,0,0,0,1B
20403,Anthony Rizzo,CHC,NL,155,576.0,94.0,156.0,33.0,2.0,32.0,99.0,74.0,120.0,10.0,5.0,0,160,0,0,0,0,0,0,0,1B
20407,Joey Butler,CLE,AL,105,346.0,43.0,88.0,18.0,1.0,10.0,39.0,32.0,106.0,2.0,1.0,0,0,0,0,0,30,0,6,34,OF
20409,Josh Harrison,PIT,NL,132,447.0,63.0,126.0,29.0,4.0,8.0,42.0,20.0,72.0,14.0,7.0,0,0,37,72,0,10,0,12,22,2B
20411,Daniel Descalso,COL,NL,108,223.0,27.0,53.0,10.0,2.0,4.0,24.0,21.0,45.0,3.0,3.0,0,7,15,5,33,0,0,1,1,1B
20416,Eduardo Escobar,MIN,AL,126,403.0,49.0,103.0,27.0,4.0,9.0,45.0,26.0,88.0,3.0,3.0,0,0,11,5,71,35,0,1,36,SS
20421,Robbie Grossman,CLE,AL,126,462.0,57.0,104.0,21.0,2.0,7.0,43.0,58.0,140.0,12.0,9.0,0,0,0,0,0,17,0,4,19,OF
20442,Neftali Soto,FA,,90,327.0,36.0,79.0,16.0,0.0,5.0,34.0,21.0,75.0,1.0,0.0,0,0,0,0,0,0,0,0,0,
20443,Chris Parmelee,FA,,115,386.0,43.0,94.0,20.0,1.0,14.0,45.0,33.0,104.0,1.0,2.0,0,25,0,0,0,0,0,8,8,
20447,Joe Benson,MIN,AL,98,339.0,40.0,71.0,15.0,2.0,6.0,32.0,28.0,108.0,8.0,2.0,0,0,0,0,0,0,0,0,0,OF
20467,Carlos Perez,LAA,AL,98,337.0,35.0,76.0,18.0,1.0,5.0,34.0,23.0,65.0,2.0,1.0,0,0,0,0,0,0,0,0,0,C
20483,Daniel Robertson,FA,,105,359.0,42.0,86.0,15.0,2.0,2.0,30.0,26.0,56.0,8.0,5.0,0,0,0,0,0,27,7,1,33,3B
20487,Starlin Castro,NYY,AL,156,602.0,64.0,165.0,28.0,3.0,15.0,75.0,28.0,108.0,8.0,5.0,0,0,38,0,109,0,0,0,0,2B
20488,Andrew Lambo,OAK,AL,67,216.0,28.0,50.0,11.0,1.0,9.0,16.0,16.0,64.0,2.0,1.0,0,0,0,0,0,3,0,5,8,OF
20525,Tommy Pham,STL,NL,91,304.0,42.0,77.0,14.0,5.0,8.0,35.0,27.0,84.0,8.0,1.0,0,0,0,0,0,18,33,3,44,OF
20531,Osvaldo Martinez,BAL,AL,110,380.0,35.0,86.0,12.0,1.0,2.0,27.0,22.0,74.0,6.0,3.0,0,0,0,0,0,0,0,0,0,DH
20533,Dean Anna,STL,NL,111,398.0,54.0,98.0,20.0,3.0,4.0,40.0,45.0,64.0,3.0,4.0,0,0,0,0,0,0,0,0,0,1B
20558,Ali Solis,BOS,AL,68,218.0,16.0,41.0,9.0,1.0,2.0,16.0,5.0,78.0,0.0,0.0,0,0,0,0,0,0,0,0,0,C
20562,Yorman Rodriguez,CIN,NL,111,413.0,54.0,100.0,15.0,4.0,14.0,51.0,24.0,129.0,6.0,3.0,0,0,0,0,0,0,0,0,0,OF
20580,Chase d'Arnaud,ATL,NL,113,415.0,47.0,94.0,15.0,6.0,5.0,33.0,21.0,86.0,19.0,8.0,0,0,0,1,3,0,0,0,0,SS
20594,Dustin Ackley,NYY,AL,130,407.0,57.0,103.0,21.0,3.0,13.0,54.0,33.0,78.0,5.0,3.0,0,4,10,0,0,67,21,2,82,1B
20606,Desmond Jennings,TB,AL,92,349.0,49.0,86.0,18.0,3.0,8.0,31.0,34.0,78.0,13.0,5.0,0,0,0,0,0,21,10,0,26,OF
20621,Jeff Bianchi,FA,,70,206.0,19.0,50.0,9.0,1.0,1.0,18.0,12.0,40.0,4.0,2.0,0,0,0,2,1,0,0,0,0,
20622,Jarrod Dyson,KC,AL,103,245.0,33.0,61.0,8.0,5.0,2.0,20.0,19.0,49.0,29.0,5.0,0,0,0,0,0,27,37,17,79,OF
20644,Grant Green,FA,,116,441.0,50.0,116.0,24.0,4.0,6.0,45.0,18.0,93.0,3.0,4.0,0,5,11,0,1,1,0,0,1,OF
20645,Max Stassi,HOU,AL,95,345.0,40.0,75.0,14.0,1.0,11.0,40.0,19.0,117.0,1.0,1.0,10,0,0,0,0,0,0,0,0,C
20647,Travis d'Arnaud,NYM,NL,99,355.0,49.0,90.0,20.0,2.0,15.0,55.0,27.0,69.0,0.0,0.0,64,0,0,0,0,0,0,0,0,C
20651,Jose Iglesias,DET,AL,117,400.0,42.0,110.0,14.0,2.0,3.0,28.0,22.0,55.0,9.0,6.0,0,0,0,0,119,0,0,0,0,SS
20658,Ben Revere,WAS,NL,141,552.0,75.0,166.0,18.0,6.0,1.0,36.0,24.0,52.0,34.0,8.0,0,0,0,0,0,112,43,12,147,OF
20663,Brett Jackson,FA,,83,261.0,28.0,49.0,9.0,3.0,5.0,23.0,26.0,114.0,7.0,4.0,0,0,0,0,0,0,0,0,0,OF
20666,Lonnie Chisenhall,CLE,AL,135,456.0,54.0,119.0,28.0,1.0,12.0,59.0,30.0,100.0,4.0,1.0,0,0,0,50,0,0,0,51,51,OF
20669,Miguel Gonzalez,DET,AL,65,210.0,21.0,50.0,12.0,1.0,2.0,19.0,10.0,45.0,2.0,1.0,0,0,0,0,0,0,0,0,0,C
20671,Brent Morel,FA,,113,411.0,44.0,95.0,23.0,2.0,8.0,46.0,25.0,106.0,7.0,3.0,0,0,0,2,0,0,0,0,0,
20673,Josh Phegley,OAK,AL,98,350.0,43.0,82.0,21.0,2.0,9.0,49.0,17.0,68.0,1.0,1.0,68,0,0,0,0,0,0,0,0,C
20679,David Lough,PHI,NL,116,288.0,35.0,72.0,9.0,4.0,6.0,27.0,13.0,55.0,7.0,5.0,0,0,0,0,0,49,26,2,77,OF
20680,Mike Moustakas,KC,AL,146,524.0,58.0,134.0,30.0,1.0,19.0,66.0,38.0,87.0,2.0,2.0,0,0,0,146,0,0,0,0,0,3B
20682,Caleb Joseph,BAL,AL,106,366.0,38.0,87.0,17.0,1.0,12.0,49.0,23.0,87.0,1.0,1.0,94,1,0,0,0,0,0,0,0,C
20686,Hector Sanchez,CHW,AL,78,208.0,20.0,49.0,9.0,0.0,6.0,28.0,11.0,54.0,0.0,0.0,16,0,0,0,0,0,0,0,0,C
20687,Johnny Monell,NYM,NL,96,311.0,37.0,72.0,15.0,1.0,7.0,34.0,25.0,76.0,3.0,2.0,12,0,0,0,0,0,0,0,0,C
20690,Derek Norris,SD,NL,129,421.0,55.0,104.0,23.0,1.0,13.0,54.0,41.0,109.0,4.0,1.0,128,17,0,0,0,0,0,0,0,C
20697,Pete Kozma,NYY,AL,111,286.0,35.0,61.0,12.0,1.0,4.0,22.0,24.0,63.0,5.0,3.0,0,1,17,13,31,1,0,0,1,IF
20704,Matt Angle,MIA,NL,81,264.0,26.0,54.0,8.0,2.0,2.0,18.0,22.0,79.0,8.0,2.0,0,0,0,0,0,0,0,0,0,OF
20711,Alexi Amarista,SD,NL,136,375.0,42.0,89.0,14.0,4.0,6.0,43.0,25.0,62.0,7.0,1.0,0,0,11,2,85,11,7,0,18,1B
20732,Steve Baron,SEA,AL,81,294.0,27.0,60.0,12.0,1.0,3.0,23.0,14.0,87.0,4.0,1.0,4,0,0,0,0,0,0,0,0,C
20739,Jordan Pacheco,CIN,NL,96,265.0,25.0,64.0,14.0,1.0,3.0,26.0,18.0,45.0,2.0,0.0,18,2,0,1,0,0,0,0,0,IF
20747,Jesus Sucre,SEA,AL,60,189.0,17.0,42.0,7.0,0.0,1.0,14.0,7.0,35.0,0.0,1.0,50,0,0,0,0,0,0,0,0,C
20753,Logan Forsythe,TB,AL,122,398.0,50.0,101.0,20.0,2.0,11.0,44.0,38.0,86.0,7.0,2.0,0,26,126,9,0,0,0,0,0,2B
20784,James Ramsey,CLE,AL,111,416.0,45.0,89.0,16.0,2.0,11.0,38.0,40.0,155.0,5.0,3.0,0,0,0,0,0,0,0,0,0,OF
20802,Rafael Lopez,DET,AL,84,290.0,31.0,68.0,13.0,1.0,3.0,26.0,27.0,75.0,1.0,1.0,0,0,0,0,0,0,0,0,0,C
20811,Ryan Lavarnway,ATL,NL,70,231.0,25.0,55.0,11.0,0.0,4.0,20.0,23.0,52.0,0.0,0.0,30,1,0,0,0,0,0,0,0,C
20812,Alex Hassan,FA,,95,355.0,40.0,89.0,21.0,1.0,5.0,35.0,29.0,91.0,1.0,1.0,0,0,0,0,0,0,0,0,0,OF
20813,Kyle Seager,SEA,AL,156,596.0,82.0,156.0,32.0,2.0,24.0,83.0,54.0,111.0,8.0,5.0,0,0,0,160,1,0,0,0,0,3B
20818,Steven Souza Jr.,TB,AL,108,368.0,54.0,86.0,17.0,1.0,15.0,43.0,41.0,129.0,14.0,6.0,0,0,0,0,0,0,0,103,103,OF
20819,Steve Lombardozzi,FA,,114,363.0,33.0,90.0,14.0,1.0,1.0,24.0,20.0,54.0,8.0,3.0,0,0,0,0,0,0,0,0,0,OF
20822,Tyler Moore,WAS,NL,109,293.0,31.0,68.0,17.0,0.0,11.0,43.0,24.0,80.0,1.0,1.0,0,0,0,0,0,0,0,0,0,1B
20825,Avisail Garcia,CHW,AL,125,465.0,61.0,123.0,15.0,3.0,13.0,58.0,27.0,118.0,7.0,5.0,0,0,0,0,0,0,0,130,130,DH
20833,Ryan Goins,TOR,AL,142,472.0,47.0,111.0,22.0,3.0,5.0,48.0,30.0,108.0,3.0,3.0,0,0,66,2,58,2,0,2,4,2B
20834,Jeremy Hazelbaker,STL,NL,113,411.0,46.0,98.0,15.0,6.0,9.0,45.0,28.0,128.0,19.0,5.0,0,0,0,0,0,0,0,0,0,OF
20841,Leury Garcia,CHW,AL,104,326.0,36.0,79.0,11.0,3.0,3.0,23.0,16.0,88.0,21.0,7.0,0,0,2,0,3,2,4,0,6,1B
20842,Nick Franklin,TB,AL,121,417.0,54.0,96.0,18.0,3.0,12.0,47.0,41.0,119.0,8.0,3.0,0,10,17,0,11,0,0,0,0,1B
20843,Cole Figueroa,FA,,116,430.0,46.0,113.0,18.0,3.0,4.0,39.0,32.0,33.0,4.0,2.0,0,0,0,2,0,0,0,0,0,IF
20850,A.J. Pollock,ARI,NL,133,488.0,79.0,143.0,31.0,6.0,13.0,52.0,39.0,79.0,24.0,5.0,0,0,0,0,0,0,151,0,151,OF
20859,James Jones,FA,,121,405.0,54.0,99.0,15.0,7.0,3.0,34.0,29.0,92.0,24.0,6.0,0,0,0,0,0,2,20,6,27,DH
20862,David Adams,TOR,AL,106,380.0,42.0,91.0,15.0,2.0,7.0,42.0,30.0,79.0,1.0,1.0,0,0,0,0,0,0,0,0,0,OF
20863,Jimmy Paredes,BAL,AL,123,445.0,52.0,112.0,21.0,3.0,11.0,51.0,20.0,125.0,12.0,5.0,0,0,6,8,0,1,0,2,3,DH
20870,Kevin Mattison,WAS,NL,60,184.0,21.0,36.0,8.0,2.0,4.0,11.0,13.0,72.0,8.0,4.0,0,0,0,0,0,0,0,0,0,1B
20871,D.J. LeMahieu,COL,NL,150,544.0,62.0,156.0,22.0,6.0,6.0,51.0,39.0,98.0,20.0,7.0,0,0,149,0,0,0,0,0,0,2B
20880,Nate Freiman,FA,,96,326.0,34.0,78.0,18.0,1.0,10.0,38.0,23.0,73.0,0.0,0.0,0,0,0,0,0,0,0,0,0,1B
20890,Shawn O'Malley,SEA,AL,110,369.0,45.0,87.0,11.0,4.0,4.0,31.0,26.0,82.0,15.0,4.0,0,0,0,3,0,4,14,3,16,OF
20892,Tyler Pastornicky,FA,,101,348.0,38.0,89.0,15.0,2.0,3.0,28.0,20.0,56.0,5.0,3.0,0,0,0,0,0,0,0,0,0,
20898,Scott Van Slyke,LAD,NL,103,267.0,33.0,68.0,16.0,1.0,10.0,40.0,32.0,77.0,4.0,2.0,0,0,0,0,0,0,0,0,0,OF
20901,Junior Lake,TOR,AL,110,373.0,41.0,89.0,19.0,1.0,9.0,38.0,27.0,123.0,12.0,7.0,0,0,0,0,0,10,3,10,21,OF
20911,Ryan Flaherty,BAL,AL,96,275.0,33.0,61.0,11.0,2.0,9.0,35.0,23.0,73.0,1.0,0.0,0,11,56,8,15,1,0,5,6,1B
20916,Jonathan Diaz,NYY,AL,115,354.0,34.0,76.0,11.0,2.0,2.0,24.0,34.0,83.0,6.0,4.0,0,0,0,0,6,2,0,0,2,SS
20917,J.B. Shuck,CHW,AL,113,335.0,40.0,87.0,13.0,3.0,2.0,32.0,26.0,35.0,7.0,5.0,0,0,0,0,0,10,11,27,48,OF
20918,Brandon Barnes,COL,NL,135,374.0,43.0,96.0,20.0,2.0,8.0,36.0,22.0,103.0,10.0,6.0,0,0,0,0,0,75,11,21,97,OF
20921,Trayce Thompson,LAD,NL,141,532.0,68.0,120.0,28.0,6.0,18.0,67.0,35.0,166.0,12.0,4.0,0,0,0,0,0,12,10,18,39,OF
20932,Keon Broxton,MIL,NL,127,447.0,55.0,96.0,19.0,7.0,13.0,51.0,41.0,177.0,18.0,7.0,0,0,0,0,0,1,1,1,2,OF
20949,Marc Krauss,FA,,108,355.0,41.0,74.0,17.0,2.0,10.0,41.0,43.0,111.0,2.0,2.0,0,20,0,0,0,1,0,0,1,OF
20959,Thomas Field,DET,AL,105,389.0,45.0,89.0,18.0,2.0,9.0,37.0,33.0,95.0,5.0,1.0,0,0,14,0,1,0,0,0,0,3B
20966,Cord Phelps,FA,,104,372.0,42.0,85.0,13.0,2.0,6.0,35.0,35.0,83.0,4.0,3.0,0,0,0,0,0,0,0,0,0,
20967,Roberto Perez,CLE,AL,81,238.0,31.0,48.0,12.0,1.0,6.0,24.0,32.0,83.0,0.0,1.0,69,0,0,0,0,0,0,0,0,C
20968,Matt McBride,OAK,AL,85,301.0,32.0,75.0,18.0,1.0,8.0,31.0,14.0,47.0,2.0,1.0,0,4,0,0,0,3,0,2,5,1B
20972,Darin Mastroianni,MIN,AL,97,354.0,36.0,81.0,15.0,2.0,3.0,30.0,21.0,81.0,15.0,3.0,0,0,0,0,0,0,0,0,0,OF
20983,Jose Pirela,SD,NL,119,443.0,55.0,112.0,20.0,5.0,8.0,42.0,28.0,69.0,8.0,3.0,0,0,27,0,0,2,0,1,3,IF
20989,Starling Marte,PIT,NL,150,565.0,85.0,157.0,29.0,7.0,17.0,69.0,30.0,136.0,33.0,12.0,0,0,0,0,0,141,18,0,151,OF
20992,Brock Holt,BOS,AL,132,488.0,59.0,135.0,25.0,5.0,3.0,44.0,40.0,98.0,11.0,3.0,0,8,58,33,11,14,2,21,35,1B
20999,Mike Trout,LAA,AL,156,574.0,110.0,169.0,34.0,8.0,37.0,101.0,97.0,154.0,19.0,6.0,0,0,0,0,0,0,156,0,156,OF
21001,Juan Lagares,NYM,NL,142,472.0,55.0,123.0,23.0,5.0,6.0,49.0,21.0,102.0,11.0,4.0,0,0,0,0,0,0,137,2,139,OF
21008,Chris Owings,ARI,NL,138,505.0,59.0,128.0,26.0,6.0,7.0,48.0,24.0,121.0,15.0,3.0,0,0,115,0,35,0,0,0,0,2B
21015,Rafael Ynoa,COL,NL,128,432.0,44.0,114.0,23.0,3.0,3.0,36.0,26.0,80.0,8.0,5.0,0,0,5,10,8,19,0,0,19,OF
21016,Jerry Sands,CHW,AL,102,332.0,42.0,76.0,13.0,2.0,14.0,43.0,38.0,101.0,1.0,1.0,0,11,0,0,0,7,0,32,37,OF
21022,Andrew Brown,FA,,124,429.0,49.0,87.0,17.0,2.0,14.0,51.0,36.0,150.0,2.0,1.0,0,0,0,0,0,0,0,0,0,OF
21029,Chris McGuiness,PHI,NL,110,387.0,44.0,87.0,21.0,1.0,8.0,40.0,44.0,95.0,1.0,2.0,0,0,0,0,0,0,0,0,0,1B
21032,Hernan Perez,MIL,NL,134,435.0,40.0,113.0,21.0,4.0,5.0,37.0,15.0,74.0,13.0,4.0,0,7,19,80,6,0,0,0,0,2B
21042,Yangervis Solarte,SD,NL,141,516.0,61.0,135.0,28.0,2.0,11.0,56.0,37.0,61.0,1.0,0.0,0,28,19,92,0,0,0,0,0,3B
21046,Brandon Belt,SF,NL,126,431.0,63.0,114.0,26.0,3.0,16.0,56.0,47.0,124.0,7.0,3.0,0,120,0,0,0,14,0,0,14,1B
21054,Clint Robinson,WAS,NL,118,372.0,45.0,89.0,18.0,2.0,9.0,40.0,39.0,78.0,0.0,0.0,0,44,0,0,0,27,0,11,37,1B
21062,Jordany Valdespin,FA,,95,277.0,35.0,71.0,11.0,2.0,6.0,31.0,21.0,44.0,9.0,6.0,0,0,0,0,0,0,0,1,1,IF
21070,Justin Bour,MIA,NL,141,457.0,53.0,121.0,23.0,0.0,19.0,67.0,41.0,99.0,2.0,0.0,0,111,0,0,0,0,0,0,0,1B
21076,Shane Peterson,MIL,NL,127,429.0,53.0,103.0,20.0,3.0,10.0,48.0,42.0,128.0,6.0,2.0,0,2,0,0,0,33,20,9,52,1B
21081,Abraham Almonte,CLE,AL,135,482.0,62.0,119.0,24.0,6.0,10.0,51.0,42.0,120.0,15.0,5.0,0,0,0,0,0,6,56,2,64,OF
21089,Rymer Liriano,MIL,NL,126,467.0,64.0,109.0,24.0,3.0,13.0,57.0,39.0,157.0,15.0,8.0,0,0,0,0,0,0,0,0,0,OF
21107,Jean Segura,ARI,NL,149,573.0,66.0,153.0,19.0,7.0,7.0,51.0,22.0,87.0,27.0,8.0,0,0,0,0,140,0,0,0,0,2B
21133,Steven Moya,DET,AL,133,515.0,60.0,118.0,25.0,2.0,25.0,71.0,21.0,188.0,7.0,3.0,0,0,0,0,0,2,0,5,7,OF
21142,Paul Goldschmidt,ARI,NL,140,507.0,85.0,146.0,34.0,2.0,27.0,94.0,94.0,138.0,16.0,5.0,0,157,0,0,0,0,0,0,0,1B
21148,Alfredo Marte,BAL,AL,112,379.0,43.0,90.0,18.0,2.0,9.0,44.0,27.0,101.0,4.0,2.0,0,0,0,0,0,2,0,1,3,OF
21163,Marcell Ozuna,MIA,NL,142,532.0,67.0,140.0,30.0,3.0,16.0,67.0,36.0,136.0,4.0,2.0,0,0,0,0,0,0,111,15,122,OF
21165,Kyle Jensen,ARI,NL,127,450.0,57.0,101.0,25.0,2.0,19.0,63.0,31.0,155.0,1.0,1.0,0,0,0,0,0,0,0,0,0,OF
21182,Adeiny Hechavarria,MIA,NL,146,537.0,56.0,143.0,20.0,8.0,4.0,49.0,28.0,92.0,7.0,4.0,0,0,0,0,130,0,0,0,0,SS
21197,Bryce Harper,WAS,NL,139,473.0,93.0,147.0,27.0,2.0,34.0,79.0,98.0,116.0,5.0,4.0,0,0,0,0,0,0,13,140,151,OF
21259,Michael Choice,CLE,AL,130,476.0,54.0,108.0,23.0,1.0,14.0,56.0,38.0,146.0,2.0,1.0,0,0,0,0,0,0,0,1,1,OF
21263,Tommy Joseph,PHI,NL,49,174.0,21.0,41.0,9.0,0.0,6.0,23.0,7.0,41.0,0.0,0.0,0,0,0,0,0,0,0,0,0,1B
21264,Gary Brown,FA,,128,495.0,57.0,109.0,19.0,4.0,7.0,44.0,23.0,123.0,16.0,12.0,0,0,0,0,0,0,0,0,0,OF
21268,Audry Perez,BAL,AL,77,279.0,24.0,67.0,11.0,0.0,4.0,24.0,6.0,48.0,0.0,0.0,0,0,0,0,0,0,0,0,0,C
21269,Matt Carpenter,STL,NL,145,541.0,93.0,147.0,36.0,4.0,16.0,71.0,73.0,118.0,4.0,3.0,0,3,11,146,0,0,0,0,0,3B
21275,Salvador Perez,KC,AL,141,528.0,54.0,143.0,26.0,2.0,18.0,71.0,19.0,77.0,1.0,0.0,139,1,0,0,0,0,0,0,0,C
21276,Johnny Giavotella,LAA,AL,130,482.0,57.0,124.0,25.0,3.0,5.0,50.0,34.0,65.0,7.0,3.0,0,0,128,0,1,0,0,0,0,2B
21277,Eric Hosmer,KC,AL,155,591.0,82.0,170.0,34.0,3.0,16.0,83.0,53.0,108.0,9.0,3.0,0,154,0,0,0,0,0,1,1,1B
21279,Chris Herrmann,ARI,NL,92,288.0,33.0,62.0,14.0,2.0,5.0,29.0,23.0,79.0,2.0,1.0,0,0,0,0,0,0,0,0,0,C
21280,Brian Dozier,MIN,AL,147,574.0,90.0,140.0,33.0,3.0,24.0,70.0,59.0,127.0,14.0,5.0,0,0,157,0,0,0,0,0,0,2B
21283,Jason Kipnis,CLE,AL,140,550.0,78.0,151.0,34.0,5.0,11.0,61.0,58.0,111.0,20.0,7.0,0,0,124,0,0,0,0,0,0,2B
21285,Rob Brantly,SEA,AL,90,321.0,33.0,77.0,13.0,1.0,6.0,34.0,15.0,65.0,0.0,1.0,14,0,0,0,0,0,0,0,0,C
21286,Bryan Holaday,DET,AL,76,233.0,22.0,56.0,12.0,1.0,4.0,26.0,10.0,50.0,1.0,1.0,18,1,1,0,0,0,0,0,0,C
21294,A.J. Jimenez,TOR,AL,52,206.0,18.0,49.0,13.0,1.0,2.0,21.0,10.0,42.0,2.0,1.0,0,0,0,0,0,0,0,0,0,C
21295,Anthony Gose,DET,AL,149,507.0,69.0,125.0,21.0,7.0,6.0,36.0,44.0,153.0,26.0,11.0,0,0,0,0,0,0,137,0,137,OF
21319,Christian Bethancourt,SD,NL,111,414.0,46.0,103.0,23.0,1.0,9.0,45.0,15.0,88.0,8.0,3.0,42,0,0,0,0,0,0,0,0,C
21327,Ben Paulsen,COL,NL,146,492.0,52.0,128.0,27.0,5.0,19.0,63.0,36.0,146.0,3.0,3.0,0,91,0,0,0,19,0,1,20,1B
21375,Matt Davidson,CHW,AL,138,521.0,63.0,106.0,20.0,1.0,21.0,61.0,47.0,210.0,1.0,1.0,0,0,0,0,0,0,0,0,0,3B
21377,Will Middlebrooks,MIL,NL,116,410.0,44.0,97.0,15.0,2.0,17.0,56.0,21.0,109.0,3.0,2.0,0,2,0,69,8,0,0,0,0,3B
21407,Wilfredo Tovar,MIN,AL,116,400.0,47.0,103.0,13.0,2.0,3.0,35.0,21.0,51.0,17.0,10.0,0,0,0,0,0,0,0,0,0,SS
21431,Scooter Gennett,MIL,NL,146,508.0,61.0,141.0,28.0,4.0,10.0,52.0,21.0,87.0,5.0,4.0,0,0,108,0,0,0,0,0,0,2B
21437,Jurickson Profar,TEX,AL,76,288.0,33.0,68.0,15.0,3.0,6.0,29.0,25.0,58.0,8.0,4.0,0,0,0,0,0,0,0,0,0,2B
21439,Tucker Barnhart,CIN,NL,97,312.0,31.0,76.0,13.0,2.0,3.0,26.0,28.0,62.0,0.0,1.0,73,0,0,0,0,0,0,1,1,C
21443,Daniel Fields,CHW,AL,111,422.0,47.0,90.0,18.0,5.0,9.0,38.0,37.0,150.0,13.0,5.0,0,0,0,0,0,1,0,0,1,OF
21445,Matt den Dekker,WAS,NL,125,405.0,53.0,99.0,20.0,5.0,10.0,47.0,31.0,108.0,10.0,4.0,0,0,0,0,0,27,2,10,38,OF
21447,Nick Castellanos,DET,AL,155,565.0,52.0,150.0,34.0,5.0,16.0,75.0,41.0,140.0,1.0,2.0,0,0,0,145,0,0,0,0,0,3B
21448,Dixon Machado,DET,AL,124,473.0,50.0,114.0,22.0,2.0,5.0,39.0,33.0,89.0,9.0,3.0,0,0,0,0,24,0,0,0,0,1B
21451,Cesar Hernandez,PHI,NL,137,457.0,58.0,123.0,18.0,7.0,2.0,39.0,36.0,99.0,17.0,7.0,0,0,88,10,12,0,0,0,0,2B
21453,Juan Duran,CIN,NL,94,343.0,38.0,69.0,13.0,2.0,13.0,44.0,20.0,164.0,2.0,3.0,0,0,0,0,0,0,0,0,0,OF
21456,Billy Hamilton,CIN,NL,136,509.0,70.0,127.0,17.0,7.0,5.0,42.0,36.0,105.0,62.0,13.0,0,0,0,0,0,0,110,0,110,OF
21461,Tyler Saladino,CHW,AL,113,418.0,54.0,97.0,13.0,4.0,9.0,41.0,32.0,98.0,20.0,4.0,0,1,0,60,11,0,0,0,0,SS
21463,Jake Marisnick,HOU,AL,139,450.0,55.0,110.0,20.0,4.0,11.0,47.0,23.0,129.0,24.0,8.0,0,0,0,0,0,16,99,13,126,OF
21467,Zach Walters,CLE,AL,123,425.0,48.0,99.0,23.0,4.0,18.0,57.0,22.0,132.0,2.0,2.0,0,0,2,2,2,3,0,1,4,1B
21468,Ronald Torreyes,NYY,AL,132,485.0,54.0,130.0,20.0,4.0,4.0,42.0,20.0,42.0,6.0,6.0,0,0,4,3,0,0,0,0,0,IF
21473,Ryan Jackson,FA,,95,316.0,29.0,71.0,11.0,1.0,3.0,23.0,28.0,82.0,2.0,1.0,0,0,17,2,3,0,0,0,0,IF
21476,Mike Olt,FA,,104,346.0,41.0,69.0,14.0,0.0,15.0,41.0,34.0,140.0,1.0,1.0,0,5,0,26,0,0,0,0,0,1B
21479,Todd Cunningham,LAA,AL,132,466.0,55.0,115.0,20.0,4.0,4.0,42.0,25.0,81.0,12.0,5.0,0,0,0,0,0,22,2,4,27,OF
21481,Phil Gosselin,ARI,NL,106,366.0,44.0,97.0,20.0,3.0,6.0,36.0,17.0,70.0,4.0,2.0,0,0,16,7,0,3,0,0,3,1B
21484,J.D. Martinez,DET,AL,152,563.0,83.0,159.0,31.0,3.0,35.0,98.0,46.0,166.0,5.0,2.0,0,0,0,0,0,0,0,148,148,OF
21487,Jonathan Villar,MIL,NL,130,446.0,59.0,107.0,18.0,6.0,10.0,46.0,38.0,136.0,33.0,10.0,0,0,3,12,22,5,2,0,7,SS
21488,Yadiel Rivera,MIL,NL,139,494.0,48.0,114.0,17.0,5.0,5.0,40.0,21.0,117.0,9.0,8.0,0,0,4,1,2,0,0,0,0,1B
21494,Corban Joseph,BAL,AL,86,319.0,38.0,80.0,13.0,1.0,8.0,36.0,20.0,48.0,2.0,3.0,0,0,0,0,0,0,0,0,0,C
21499,Wil Myers,SD,NL,103,397.0,60.0,103.0,21.0,1.0,15.0,53.0,41.0,111.0,8.0,2.0,0,22,0,0,0,4,38,2,42,1B
21500,Christian Colon,KC,AL,109,396.0,44.0,106.0,16.0,1.0,5.0,33.0,27.0,46.0,11.0,4.0,0,0,14,8,21,0,0,0,0,1B
21504,Brett Eibner,KC,AL,102,393.0,44.0,85.0,17.0,3.0,11.0,40.0,31.0,132.0,6.0,2.0,0,0,0,0,0,0,0,0,0,OF
21506,Darrell Ceciliani,TOR,AL,104,344.0,41.0,83.0,14.0,4.0,7.0,40.0,19.0,105.0,14.0,4.0,0,0,0,0,0,17,7,0,21,OF
21510,Eury Perez,HOU,AL,106,378.0,43.0,101.0,15.0,3.0,3.0,30.0,18.0,79.0,23.0,7.0,0,0,0,0,0,29,3,6,36,OF
21516,Reymond Fuentes,KC,AL,117,430.0,54.0,111.0,17.0,4.0,6.0,41.0,31.0,106.0,24.0,5.0,0,0,0,0,0,0,0,0,0,OF
21518,Josh Satin,FA,,100,335.0,41.0,76.0,16.0,1.0,7.0,34.0,42.0,93.0,1.0,2.0,0,0,0,0,0,0,0,0,0,C
21536,Matt Hague,FA,,132,500.0,56.0,129.0,27.0,1.0,13.0,65.0,39.0,96.0,3.0,2.0,0,3,0,1,0,0,0,0,0,1B
21540,Ender Inciarte,ATL,NL,143,549.0,69.0,154.0,24.0,5.0,6.0,41.0,31.0,74.0,26.0,8.0,0,0,0,0,0,47,22,77,122,OF
21548,Nolan Arenado,COL,NL,147,568.0,70.0,163.0,40.0,4.0,30.0,87.0,31.0,88.0,2.0,3.0,0,0,0,157,0,0,0,0,0,3B
21549,Matt Szczur,CHC,NL,130,441.0,52.0,110.0,18.0,3.0,6.0,40.0,29.0,91.0,20.0,7.0,0,0,0,0,0,26,6,4,33,OF
21554,Adam Eaton,CHW,AL,148,593.0,93.0,164.0,28.0,9.0,9.0,54.0,56.0,118.0,21.0,11.0,0,0,0,0,0,0,0,0,0,OF
21562,Matt Adams,STL,NL,102,335.0,36.0,91.0,19.0,1.0,11.0,50.0,18.0,80.0,2.0,1.0,0,46,0,0,0,0,0,0,0,1B
21567,Alex Castellanos,FA,,99,350.0,51.0,87.0,21.0,4.0,11.0,51.0,24.0,102.0,7.0,3.0,0,0,0,0,0,0,0,0,0,OF
21569,Rico Noel,LAD,NL,106,310.0,36.0,66.0,9.0,2.0,0.0,19.0,25.0,98.0,29.0,10.0,0,0,0,0,0,0,0,2,2,OF
21573,Didi Gregorius,NYY,AL,143,506.0,58.0,130.0,22.0,5.0,10.0,52.0,37.0,91.0,4.0,2.0,0,0,0,0,155,0,0,0,0,SS
21574,Danny Santana,MIN,AL,132,500.0,62.0,130.0,24.0,8.0,6.0,48.0,17.0,114.0,17.0,7.0,0,0,0,0,66,0,5,1,5,1B
21575,Jake Goebbert,PIT,NL,122,392.0,54.0,92.0,17.0,4.0,11.0,51.0,44.0,94.0,3.0,2.0,0,0,0,0,0,0,0,0,0,1B
21576,Christian Vazquez,BOS,AL,88,323.0,32.0,77.0,16.0,0.0,4.0,31.0,25.0,71.0,2.0,2.0,0,0,0,0,0,0,0,0,0,C
21579,Joc Pederson,LAD,NL,142,481.0,70.0,106.0,18.0,3.0,23.0,62.0,80.0,173.0,12.0,7.0,0,0,0,0,0,0,147,0,147,OF
21581,Chris Dominguez,BOS,AL,118,404.0,42.0,91.0,21.0,2.0,11.0,47.0,14.0,135.0,7.0,5.0,0,2,0,0,0,2,0,1,3,3B
21587,Aaron Hicks,NYY,AL,126,442.0,60.0,105.0,19.0,5.0,13.0,51.0,49.0,117.0,11.0,4.0,0,0,0,0,0,4,88,16,97,OF
21588,Jedd Gyorko,STL,NL,133,479.0,56.0,120.0,22.0,0.0,18.0,74.0,34.0,111.0,1.0,2.0,0,1,93,0,29,0,0,0,0,SS
21592,Randal Grichuk,STL,NL,131,455.0,64.0,115.0,26.0,6.0,19.0,59.0,25.0,127.0,6.0,4.0,0,0,0,0,0,49,37,13,85,OF
21594,Kole Calhoun,LAA,AL,141,552.0,82.0,144.0,26.0,3.0,21.0,74.0,43.0,128.0,6.0,3.0,0,1,0,0,0,0,0,157,157,OF
21595,Manny Machado,BAL,AL,137,535.0,80.0,154.0,26.0,1.0,28.0,72.0,57.0,95.0,16.0,5.0,0,0,0,156,7,0,0,0,0,3B
21608,Ryan Strausborger,TEX,AL,114,408.0,43.0,94.0,17.0,3.0,7.0,35.0,22.0,96.0,20.0,4.0,0,0,0,0,0,18,0,1,19,C
21612,Juan Centeno,FA,,76,255.0,23.0,63.0,8.0,2.0,0.0,19.0,12.0,42.0,2.0,1.0,7,0,0,0,0,0,0,0,0,C
21615,Kevin Kiermaier,TB,AL,142,483.0,60.0,128.0,22.0,10.0,10.0,44.0,28.0,98.0,15.0,6.0,0,0,0,0,0,0,148,2,149,OF
21622,Antoan Richardson,FA,,66,216.0,26.0,49.0,6.0,3.0,1.0,16.0,21.0,53.0,13.0,2.0,0,0,0,0,0,0,0,0,0,OF
21624,Bryce Brentz,BOS,AL,79,300.0,35.0,71.0,15.0,1.0,10.0,35.0,21.0,102.0,1.0,1.0,0,0,0,0,0,0,0,0,0,OF
21628,Darin Ruf,PHI,NL,118,358.0,44.0,86.0,19.0,0.0,13.0,45.0,30.0,99.0,1.0,0.0,0,66,0,0,0,22,0,0,22,1B
21642,Jarrett Parker,SF,NL,130,459.0,61.0,98.0,18.0,4.0,15.0,55.0,47.0,203.0,12.0,6.0,0,0,0,0,0,5,4,9,15,OF
21648,John Ryan Murphy,MIN,AL,93,290.0,34.0,71.0,16.0,1.0,7.0,30.0,20.0,67.0,1.0,1.0,65,0,0,0,0,0,0,0,0,C
21658,Khris Davis,OAK,AL,125,412.0,55.0,97.0,21.0,1.0,17.0,59.0,38.0,113.0,6.0,3.0,0,0,0,0,0,108,0,0,108,OF
21679,Jake Smolinski,OAK,AL,114,363.0,48.0,88.0,20.0,2.0,11.0,45.0,33.0,80.0,4.0,2.0,0,0,0,0,0,52,0,16,66,OF
21689,Jaff Decker,FA,,97,303.0,39.0,65.0,14.0,1.0,5.0,27.0,38.0,85.0,8.0,4.0,0,0,0,0,0,4,2,3,9,OF
21694,Tommy La Stella,CHC,NL,92,307.0,32.0,82.0,17.0,2.0,4.0,36.0,29.0,36.0,4.0,1.0,0,0,14,12,0,0,0,0,0,1B
21700,Jacob May,FA,,96,390.0,43.0,90.0,12.0,2.0,6.0,32.0,20.0,101.0,22.0,12.0,0,0,0,0,0,0,0,0,0,OF
21725,Andy Wilkins,MIL,NL,130,479.0,67.0,120.0,28.0,1.0,25.0,77.0,35.0,124.0,1.0,1.0,0,0,0,0,0,0,0,0,0,1B
21754,Curt Casali,TB,AL,82,274.0,34.0,59.0,12.0,0.0,9.0,29.0,27.0,82.0,1.0,0.0,37,0,0,0,0,0,0,0,0,C
21756,Jose Altuve,HOU,AL,156,644.0,85.0,199.0,38.0,4.0,11.0,64.0,34.0,67.0,40.0,11.0,0,0,153,0,0,0,0,0,0,2B
21769,Sebastian Valle,NYY,AL,83,295.0,30.0,65.0,13.0,1.0,7.0,32.0,13.0,92.0,1.0,2.0,0,0,0,0,0,0,0,0,0,C
21780,Oswaldo Arcia,MIN,AL,118,426.0,52.0,103.0,20.0,2.0,20.0,62.0,29.0,136.0,2.0,2.0,0,0,0,0,0,15,0,4,19,OF
21800,Anthony Rendon,WAS,NL,120,452.0,67.0,122.0,27.0,3.0,13.0,52.0,49.0,94.0,6.0,2.0,0,0,59,28,0,0,0,0,0,3B
21805,Donald Lutz,FA,,65,216.0,24.0,46.0,10.0,2.0,6.0,25.0,13.0,76.0,3.0,1.0,0,0,0,0,0,0,0,0,0,OF
21819,Evan Gattis,HOU,AL,125,452.0,54.0,114.0,20.0,5.0,22.0,71.0,25.0,100.0,0.0,1.0,0,0,0,0,0,11,0,0,11,DH
21820,Andrelton Simmons,LAA,AL,147,545.0,61.0,140.0,23.0,4.0,8.0,54.0,36.0,57.0,5.0,3.0,0,0,0,0,147,0,0,0,0,SS
21827,Yan Gomes,CLE,AL,111,398.0,49.0,102.0,23.0,2.0,14.0,53.0,20.0,106.0,1.0,0.0,91,0,0,0,0,0,0,0,0,C
21830,Jon Singleton,HOU,AL,122,431.0,64.0,93.0,21.0,1.0,22.0,68.0,64.0,164.0,3.0,2.0,0,14,0,0,0,0,0,0,0,1B
21831,George Springer,HOU,AL,114,436.0,70.0,108.0,19.0,2.0,23.0,63.0,55.0,154.0,17.0,4.0,0,0,0,0,0,0,10,93,102,OF
21833,James McCann,DET,AL,118,430.0,39.0,109.0,22.0,3.0,6.0,41.0,17.0,98.0,3.0,2.0,112,0,0,0,0,0,0,0,0,C
21844,Sandy Leon,BOS,AL,74,246.0,24.0,52.0,10.0,0.0,3.0,18.0,22.0,62.0,0.0,1.0,0,0,0,0,0,0,0,0,0,C
21851,Ramon Cabrera,CIN,NL,114,423.0,42.0,108.0,20.0,1.0,4.0,36.0,28.0,66.0,1.0,1.0,8,0,0,0,0,0,0,0,0,C
21857,Kolten Wong,STL,NL,143,525.0,68.0,137.0,24.0,5.0,11.0,56.0,32.0,89.0,18.0,5.0,0,0,147,0,0,0,0,0,0,2B
21870,Andrew Susac,SF,NL,86,277.0,34.0,62.0,12.0,2.0,6.0,29.0,29.0,94.0,0.0,0.0,40,0,0,0,0,0,0,0,0,C
21871,Joe Panik,SF,NL,132,517.0,68.0,143.0,26.0,4.0,7.0,49.0,40.0,63.0,4.0,3.0,0,0,99,0,0,0,0,0,0,2B
21877,Jett Bandy,LAA,AL,90,315.0,37.0,73.0,15.0,0.0,8.0,35.0,15.0,74.0,0.0,2.0,1,0,0,0,0,0,0,0,0,C
21879,Taylor Lindsey,SD,NL,116,417.0,48.0,97.0,20.0,4.0,9.0,40.0,33.0,87.0,4.0,3.0,0,0,0,0,0,0,0,0,0,2B
21880,L.J. Hoes,BAL,AL,114,406.0,49.0,100.0,19.0,2.0,5.0,37.0,39.0,81.0,12.0,6.0,0,0,0,0,0,3,0,5,7,OF
21928,Michael A. Taylor,WAS,NL,133,486.0,54.0,109.0,20.0,3.0,13.0,58.0,39.0,175.0,21.0,7.0,0,0,0,0,0,38,96,3,132,OF
21929,Jeff Kobernus,FA,,83,303.0,33.0,72.0,11.0,1.0,2.0,21.0,20.0,68.0,18.0,6.0,0,0,0,0,0,0,0,0,0,
21968,Jake Elmore,MIL,NL,104,354.0,39.0,86.0,15.0,2.0,3.0,30.0,37.0,57.0,8.0,6.0,0,25,7,9,7,6,0,0,6,SS
21970,Tyler Ladendorf,OAK,AL,63,228.0,23.0,48.0,9.0,2.0,3.0,19.0,17.0,56.0,1.0,1.0,0,0,2,1,1,3,2,0,5,1B
21989,Cory Spangenberg,SD,NL,119,388.0,49.0,101.0,18.0,9.0,6.0,35.0,28.0,96.0,13.0,6.0,0,0,70,19,0,1,1,2,4,2B
22006,Brandon Nimmo,NYM,NL,116,439.0,56.0,101.0,15.0,5.0,8.0,41.0,49.0,123.0,6.0,5.0,0,0,0,0,0,0,0,0,0,OF
22009,Jefry Marte,LAA,AL,115,421.0,50.0,100.0,20.0,2.0,14.0,53.0,29.0,98.0,6.0,3.0,0,22,0,7,0,0,0,0,0,3B
22012,Stefen Romero,SEA,AL,121,456.0,61.0,114.0,24.0,3.0,14.0,58.0,19.0,103.0,5.0,4.0,0,0,0,0,0,6,1,5,12,OF
22018,Peter O'Brien,ARI,NL,119,448.0,59.0,105.0,25.0,4.0,23.0,73.0,22.0,154.0,0.0,1.0,0,0,0,0,0,3,0,0,3,OF
22022,Christian Yelich,MIA,NL,138,532.0,80.0,147.0,30.0,4.0,10.0,51.0,60.0,130.0,18.0,6.0,0,0,0,0,0,103,36,0,124,OF
22034,J.T. Realmuto,MIA,NL,123,445.0,53.0,112.0,22.0,5.0,7.0,47.0,25.0,83.0,10.0,4.0,118,0,0,0,0,0,0,0,0,C
22037,Dalton Pompey,TOR,AL,141,541.0,64.0,126.0,19.0,6.0,11.0,47.0,47.0,138.0,27.0,6.0,0,0,0,0,0,6,21,0,27,OF
22039,Brad A. Miller,TB,AL,143,481.0,62.0,121.0,21.0,5.0,13.0,54.0,46.0,113.0,10.0,4.0,0,0,11,2,89,15,20,6,35,SS
22042,Mark Canha,OAK,AL,126,455.0,61.0,113.0,24.0,2.0,13.0,62.0,38.0,115.0,5.0,2.0,0,75,0,1,0,58,0,3,61,1B
22061,Todd Glaesmann,ARI,NL,114,391.0,44.0,93.0,22.0,3.0,12.0,46.0,14.0,116.0,5.0,2.0,0,0,0,0,0,0,0,0,0,OF
22062,Xavier Scruggs,FA,,127,444.0,53.0,96.0,21.0,1.0,12.0,49.0,46.0,157.0,4.0,4.0,0,11,0,0,0,0,0,0,0,1B
22065,Andrew Burns,NULL,NULL,130,507.0,53.0,123.0,28.0,2.0,10.0,53.0,30.0,117.0,12.0,8.0,0,0,0,0,0,0,0,0,0,
22070,Gregory Polanco,PIT,NL,151,568.0,82.0,144.0,31.0,5.0,12.0,63.0,52.0,116.0,25.0,10.0,0,0,0,0,0,8,2,144,149,OF
22075,Jabari Blash,SD,NL,106,394.0,58.0,91.0,17.0,1.0,21.0,55.0,38.0,148.0,7.0,4.0,0,0,0,0,0,0,0,0,0,OF
22078,Ryan Lollis,CHW,AL,115,422.0,46.0,104.0,19.0,3.0,4.0,36.0,28.0,67.0,6.0,3.0,0,0,0,0,0,3,0,1,4,
22092,Kaleb Cowart,LAA,AL,140,484.0,52.0,102.0,22.0,3.0,7.0,46.0,37.0,148.0,11.0,5.0,0,0,0,33,0,0,0,0,0,3B
22110,Greg Garcia,STL,NL,130,407.0,47.0,97.0,20.0,3.0,4.0,34.0,42.0,91.0,10.0,3.0,0,0,10,4,12,0,0,0,0,1B
22124,Carlos Sanchez,CHW,AL,142,527.0,57.0,126.0,24.0,3.0,6.0,43.0,27.0,115.0,10.0,5.0,0,0,117,0,0,0,0,0,0,2B
22126,Michael Reed,MIL,NL,130,446.0,54.0,103.0,25.0,5.0,8.0,50.0,54.0,134.0,19.0,9.0,0,0,0,0,0,0,0,3,3,OF
22127,John Hicks,MIN,AL,94,341.0,38.0,75.0,14.0,2.0,5.0,32.0,15.0,89.0,8.0,4.0,14,0,0,1,0,0,0,0,0,C
22138,Brandon Drury,ARI,NL,152,606.0,64.0,154.0,37.0,2.0,12.0,68.0,29.0,111.0,4.0,6.0,0,0,6,11,1,0,0,0,0,1B
22141,Nick Delmonico,CHW,AL,67,252.0,30.0,56.0,17.0,0.0,7.0,28.0,15.0,77.0,2.0,2.0,0,0,0,0,0,0,0,0,0,
22142,Sean Coyle,BOS,AL,75,274.0,32.0,57.0,12.0,0.0,11.0,31.0,25.0,113.0,9.0,2.0,0,0,0,0,0,0,0,0,0,1B
22157,Danry Vasquez,HOU,AL,122,480.0,48.0,115.0,23.0,3.0,3.0,37.0,25.0,94.0,5.0,8.0,0,0,0,0,0,0,0,0,0,OF
22164,Mason Williams,NYY,AL,101,400.0,43.0,92.0,18.0,3.0,4.0,33.0,29.0,75.0,12.0,7.0,0,0,0,0,0,0,8,0,8,OF
22178,Tyler Collins,DET,AL,126,457.0,49.0,109.0,20.0,2.0,12.0,52.0,33.0,114.0,8.0,3.0,0,0,0,0,0,37,0,7,43,OF
22192,Josh Rutledge,BOS,AL,129,437.0,48.0,106.0,23.0,4.0,8.0,41.0,24.0,115.0,7.0,3.0,0,0,30,5,0,0,0,0,0,SS
22196,Jace Peterson,ATL,NL,130,465.0,58.0,110.0,19.0,6.0,5.0,46.0,47.0,101.0,17.0,9.0,0,0,144,0,0,0,0,0,0,2B
22201,Rougned Odor,TEX,AL,156,553.0,71.0,151.0,26.0,10.0,20.0,78.0,31.0,96.0,9.0,9.0,0,0,119,0,0,0,0,0,0,2B
22202,Cristhian Adames,COL,NL,137,510.0,53.0,145.0,21.0,5.0,7.0,47.0,31.0,89.0,10.0,9.0,0,0,2,0,13,0,0,0,0,SS
22208,Willy Garcia,PIT,NL,130,491.0,57.0,116.0,21.0,5.0,18.0,62.0,19.0,156.0,4.0,6.0,0,0,0,0,0,0,0,0,0,OF
22221,Jonathan Schoop,BAL,AL,115,405.0,47.0,106.0,19.0,0.0,18.0,50.0,14.0,104.0,2.0,1.0,0,0,84,0,0,0,0,0,0,2B
22224,Nick Ahmed,ARI,NL,136,478.0,53.0,116.0,22.0,5.0,7.0,42.0,29.0,90.0,11.0,6.0,0,0,0,0,129,0,0,0,0,SS
22239,Jordan Lennerton,ATL,NL,108,391.0,43.0,84.0,17.0,1.0,10.0,36.0,41.0,120.0,0.0,1.0,0,0,0,0,0,0,0,0,0,1B
22242,Jackie Bradley Jr.,BOS,AL,136,474.0,64.0,117.0,31.0,4.0,12.0,59.0,45.0,130.0,8.0,3.0,0,0,0,0,0,17,27,32,73,OF
22243,Eugenio Suarez,CIN,NL,149,552.0,68.0,140.0,27.0,4.0,18.0,65.0,40.0,145.0,8.0,6.0,0,0,0,1,96,0,0,0,0,3B
22259,Nick Buss,LAA,AL,117,424.0,47.0,101.0,15.0,4.0,6.0,41.0,24.0,81.0,9.0,4.0,0,0,0,0,0,0,0,0,0,SS
22276,Marcus Semien,OAK,AL,150,558.0,73.0,136.0,27.0,6.0,15.0,60.0,53.0,133.0,12.0,4.0,0,0,0,0,152,0,0,0,0,SS
22289,Whit Merrifield,KC,AL,124,495.0,53.0,122.0,26.0,4.0,5.0,41.0,26.0,87.0,17.0,7.0,0,0,0,0,0,0,0,0,0,IF
22294,Christian Villanueva,CHC,NL,132,496.0,59.0,120.0,28.0,2.0,15.0,65.0,29.0,124.0,4.0,4.0,0,0,0,0,0,0,0,0,0,3B
22298,Josmil Pinto,FA,,103,375.0,50.0,94.0,19.0,1.0,15.0,50.0,33.0,95.0,0.0,1.0,0,0,0,0,0,0,0,0,0,C
22308,Ben Gamel,NYY,AL,129,522.0,60.0,127.0,26.0,7.0,10.0,59.0,36.0,131.0,10.0,4.0,0,0,0,0,0,0,0,0,0,OF
22338,Chris Bostick,WAS,NL,136,537.0,59.0,128.0,23.0,5.0,12.0,56.0,27.0,135.0,20.0,9.0,0,0,0,0,0,0,0,0,0,1B
22356,Jose Peraza,CIN,NL,127,528.0,63.0,140.0,16.0,9.0,7.0,53.0,16.0,64.0,34.0,8.0,0,0,6,0,0,0,1,0,1,2B
22368,Socrates Brito,ARI,NL,145,552.0,62.0,143.0,22.0,8.0,10.0,55.0,22.0,120.0,20.0,7.0,0,0,0,0,0,1,1,5,7,OF
22400,Ketel Marte,SEA,AL,134,540.0,64.0,144.0,26.0,5.0,6.0,47.0,35.0,92.0,24.0,8.0,0,0,4,0,51,0,2,0,2,SS
22415,Travis Tartamella,FA,,53,168.0,12.0,32.0,6.0,0.0,1.0,10.0,8.0,57.0,0.0,0.0,3,0,0,0,0,0,0,0,0,C
22417,Mike O'Neill,CHC,NL,108,377.0,45.0,101.0,12.0,2.0,1.0,27.0,43.0,40.0,7.0,5.0,0,0,0,0,0,0,0,0,0,IF
22428,Giovanny Urshela,CLE,AL,122,445.0,49.0,110.0,22.0,3.0,9.0,47.0,21.0,80.0,1.0,2.0,0,0,0,80,0,0,0,0,0,3B
22429,Jesus Aguilar,CLE,AL,135,510.0,61.0,124.0,25.0,1.0,18.0,69.0,40.0,145.0,0.0,0.0,0,4,0,0,0,0,0,0,0,1B
22433,Ronny Rodriguez,CLE,AL,103,389.0,41.0,88.0,18.0,3.0,10.0,39.0,13.0,111.0,5.0,5.0,0,0,0,0,0,0,0,0,0,
22445,Derek Dietrich,MIA,NL,122,408.0,63.0,98.0,21.0,4.0,14.0,45.0,29.0,112.0,1.0,2.0,0,2,2,26,0,46,0,0,46,IF
22448,Jorge Polanco,MIN,AL,134,551.0,59.0,138.0,23.0,4.0,9.0,53.0,34.0,107.0,14.0,10.0,0,0,0,0,4,0,0,0,0,1B
22449,Max Kepler,MIN,AL,118,445.0,54.0,112.0,25.0,6.0,9.0,53.0,36.0,89.0,9.0,3.0,0,0,0,0,0,0,0,2,2,OF
22453,Javier Baez,CHC,NL,128,483.0,66.0,120.0,22.0,3.0,22.0,71.0,31.0,152.0,18.0,6.0,0,1,17,11,8,0,0,0,0,2B
22455,Jeimer Candelario,CHC,NL,134,510.0,60.0,124.0,31.0,4.0,12.0,63.0,32.0,117.0,0.0,3.0,0,0,0,0,0,0,0,0,0,3B
22482,Ramon Flores,MIL,NL,104,402.0,54.0,102.0,20.0,4.0,13.0,48.0,41.0,82.0,3.0,3.0,0,0,0,0,0,11,0,1,12,OF
22503,Odubel Herrera,PHI,NL,152,523.0,65.0,145.0,28.0,4.0,8.0,42.0,30.0,133.0,17.0,9.0,0,0,0,0,0,0,136,0,136,OF
22505,Tomas Telis,MIA,NL,113,420.0,45.0,103.0,19.0,2.0,4.0,36.0,15.0,56.0,5.0,2.0,11,0,0,0,0,0,0,0,0,C
22526,Yasiel Puig,LAD,NL,141,507.0,75.0,140.0,28.0,7.0,19.0,75.0,51.0,119.0,9.0,8.0,0,0,0,0,0,0,0,78,78,OF
22527,Jorge Soler,CHC,NL,97,345.0,47.0,90.0,21.0,2.0,14.0,55.0,34.0,105.0,3.0,1.0,0,0,0,0,0,0,0,95,95,OF
22528,Henry Urrutia,BAL,AL,102,402.0,40.0,104.0,17.0,2.0,7.0,40.0,21.0,85.0,1.0,2.0,0,0,0,0,0,8,0,0,8,OF
22543,Rafael Ortega,LAA,AL,109,394.0,44.0,92.0,14.0,4.0,3.0,31.0,35.0,88.0,14.0,7.0,0,0,0,0,0,0,0,0,0,OF
22602,Kevan Smith,CHW,AL,100,370.0,43.0,86.0,15.0,2.0,9.0,38.0,25.0,93.0,1.0,1.0,0,0,0,0,0,0,0,0,0,C
22608,Addison Russell,CHC,NL,132,460.0,61.0,116.0,26.0,3.0,14.0,59.0,34.0,126.0,7.0,3.0,0,0,86,0,61,0,0,0,0,SS
22612,Hunter Morris,PIT,NL,91,329.0,33.0,73.0,16.0,2.0,8.0,35.0,17.0,94.0,1.0,0.0,0,0,0,0,0,0,0,0,0,1B
22616,Austin Hedges,SD,NL,96,312.0,34.0,69.0,14.0,1.0,6.0,33.0,16.0,72.0,1.0,2.0,47,0,0,0,0,0,0,0,0,C
22621,Mike Zunino,SEA,AL,121,412.0,50.0,85.0,17.0,1.0,16.0,48.0,24.0,143.0,0.0,2.0,112,0,0,0,0,0,0,0,0,C
22626,Matthew Skole,WAS,NL,103,376.0,44.0,81.0,17.0,1.0,11.0,54.0,48.0,133.0,3.0,1.0,0,0,0,0,0,0,0,0,0,3B
22707,Erisbel Arruebarrena,LAD,NL,68,237.0,20.0,46.0,8.0,1.0,4.0,20.0,10.0,98.0,2.0,0.0,0,0,0,0,0,0,0,0,0,SS
22708,Rusney Castillo,BOS,AL,97,358.0,41.0,93.0,14.0,2.0,7.0,35.0,22.0,61.0,10.0,5.0,0,0,0,0,0,24,6,48,75,OF
22721,Chris Colabello,TOR,AL,125,441.0,55.0,112.0,23.0,1.0,19.0,70.0,32.0,135.0,1.0,1.0,0,34,0,0,0,33,0,13,46,1B
22738,Spencer Kieboom,WAS,NL,62,226.0,24.0,55.0,12.0,1.0,3.0,18.0,17.0,48.0,1.0,1.0,0,0,0,0,0,0,0,0,0,C
22741,Xander Bogaerts,BOS,AL,156,602.0,74.0,174.0,34.0,3.0,12.0,73.0,36.0,110.0,8.0,2.0,0,0,0,0,156,0,0,0,0,SS
22751,Jung-ho Kang,PIT,NL,123,447.0,61.0,113.0,25.0,2.0,15.0,62.0,35.0,136.0,5.0,3.0,0,0,0,77,60,0,0,0,0,3B
22761,Eddie Rosario,MIN,AL,127,496.0,62.0,127.0,22.0,9.0,13.0,56.0,22.0,125.0,9.0,7.0,0,0,0,0,0,86,4,34,118,OF
22768,Adrian Nieto,FA,,77,257.0,28.0,54.0,11.0,1.0,5.0,21.0,25.0,86.0,1.0,1.0,0,0,0,0,0,0,0,0,0,C
22771,Cody Asche,PHI,NL,144,504.0,60.0,131.0,28.0,3.0,15.0,62.0,35.0,126.0,4.0,2.0,0,0,0,51,0,63,0,0,63,OF
22793,Alex Yarbrough,FA,,135,552.0,51.0,123.0,26.0,3.0,4.0,47.0,21.0,158.0,4.0,3.0,0,0,0,0,0,0,0,0,0,2B
22802,Francisco Arcia,MIA,NL,67,235.0,22.0,53.0,8.0,1.0,3.0,18.0,12.0,51.0,1.0,1.0,0,0,0,0,0,0,0,0,0,C
22804,Adonis Garcia,ATL,NL,101,384.0,43.0,97.0,19.0,2.0,9.0,40.0,13.0,65.0,4.0,2.0,0,0,0,42,0,10,0,0,10,3B
22805,Slade Heathcott,NYY,AL,71,260.0,27.0,60.0,10.0,3.0,5.0,29.0,15.0,84.0,6.0,4.0,0,0,0,0,0,0,8,9,17,OF
22811,Miguel Sano,MIN,AL,121,446.0,68.0,111.0,24.0,3.0,26.0,76.0,58.0,166.0,4.0,3.0,0,2,0,9,0,0,0,0,0,OF
22814,Kyle Parker,COL,NL,134,486.0,51.0,121.0,21.0,3.0,13.0,54.0,29.0,136.0,5.0,4.0,0,2,0,0,0,28,0,5,32,OF
22816,Corey Dickerson,TB,AL,116,393.0,48.0,102.0,21.0,4.0,17.0,47.0,29.0,112.0,5.0,5.0,0,0,0,0,0,54,3,0,55,OF
22817,Deven Marrero,BOS,AL,116,433.0,46.0,102.0,19.0,1.0,6.0,36.0,30.0,112.0,14.0,6.0,0,0,3,13,6,0,0,0,0,1B
22819,Byron Buxton,MIN,AL,102,380.0,46.0,101.0,14.0,6.0,9.0,37.0,23.0,108.0,15.0,5.0,0,0,0,0,0,0,44,0,44,OF
22820,Albert Almora,CHC,NL,124,494.0,60.0,127.0,25.0,4.0,8.0,52.0,19.0,80.0,6.0,5.0,0,0,0,0,0,0,0,0,0,OF
22825,David Dahl,COL,NL,103,430.0,45.0,111.0,21.0,4.0,11.0,42.0,15.0,108.0,20.0,8.0,0,0,0,0,0,0,0,0,0,OF
22828,Joey Gallo,TEX,AL,128,470.0,64.0,98.0,18.0,2.0,27.0,69.0,55.0,219.0,6.0,1.0,0,0,0,15,0,19,1,0,19,3B
22829,Josh E. Bell,PIT,NL,134,516.0,65.0,137.0,22.0,8.0,10.0,64.0,52.0,85.0,6.0,3.0,0,0,0,0,0,0,0,0,0,1B
22869,Adam Duvall,CIN,NL,132,497.0,68.0,119.0,24.0,3.0,26.0,73.0,29.0,137.0,3.0,1.0,0,4,0,0,0,15,0,0,15,1B
22892,Yasmany Tomas,ARI,NL,130,469.0,52.0,124.0,23.0,3.0,17.0,59.0,20.0,112.0,5.0,3.0,0,4,0,31,0,6,0,57,63,OF
22897,Taylor Motter,TB,AL,115,432.0,53.0,108.0,23.0,1.0,11.0,47.0,32.0,97.0,15.0,7.0,0,0,0,0,0,0,0,0,0,OF
22912,Kevin Plawecki,NYM,NL,103,373.0,41.0,90.0,18.0,1.0,6.0,40.0,23.0,69.0,0.0,0.0,70,0,0,0,0,0,0,0,0,C
22917,Matt Reynolds,NYM,NL,115,443.0,52.0,100.0,19.0,4.0,6.0,43.0,28.0,115.0,9.0,3.0,0,0,0,0,0,0,0,0,0,1B
22919,Luis Sardinas,SEA,AL,141,510.0,48.0,120.0,18.0,4.0,1.0,34.0,21.0,93.0,13.0,4.0,0,0,16,3,14,0,0,0,0,1B
22922,Tyler Holt,CIN,NL,125,458.0,50.0,104.0,14.0,4.0,1.0,27.0,42.0,109.0,20.0,5.0,0,0,0,0,0,3,9,2,14,OF
22924,Francisco Lindor,CLE,AL,153,612.0,72.0,168.0,28.0,7.0,15.0,68.0,45.0,123.0,20.0,10.0,0,0,0,0,98,0,0,0,0,SS
22925,Tony Wolters,COL,NL,80,299.0,30.0,69.0,10.0,1.0,2.0,24.0,22.0,85.0,3.0,3.0,0,0,0,0,0,0,0,0,0,C
22930,Courtney Hawkins,CHW,AL,103,396.0,48.0,80.0,16.0,2.0,16.0,50.0,26.0,168.0,4.0,4.0,0,0,0,0,0,0,0,0,0,
22931,Corey Seager,LAD,NL,147,595.0,80.0,158.0,38.0,5.0,20.0,87.0,37.0,128.0,5.0,1.0,0,0,0,6,21,0,0,0,0,SS
22937,Lewis Brinson,FA,,103,419.0,47.0,98.0,19.0,3.0,12.0,43.0,31.0,127.0,12.0,10.0,0,0,0,0,0,0,0,0,0,OF
22939,Tyler Naquin,CLE,AL,88,367.0,41.0,84.0,17.0,3.0,7.0,34.0,26.0,116.0,8.0,4.0,0,0,0,0,0,0,0,0,0,OF
22940,Bubba Starling,KC,AL,118,446.0,48.0,94.0,20.0,3.0,11.0,42.0,28.0,151.0,8.0,4.0,0,0,0,0,0,0,0,0,0,OF
22941,Carlos Correa,HOU,AL,123,498.0,71.0,136.0,28.0,3.0,25.0,88.0,49.0,109.0,23.0,4.0,0,0,0,0,99,0,0,0,0,SS
22946,Jason Rogers,PIT,NL,124,351.0,47.0,91.0,16.0,2.0,11.0,43.0,37.0,80.0,2.0,1.0,0,24,0,3,0,3,0,0,3,1B
22957,Nolan Fontana,HOU,AL,95,334.0,42.0,65.0,15.0,3.0,3.0,28.0,56.0,121.0,6.0,7.0,0,0,0,0,0,0,0,0,0,1B
22959,Jake Lamb,ARI,NL,109,392.0,45.0,97.0,21.0,4.0,9.0,44.0,37.0,118.0,3.0,1.0,0,8,0,95,0,0,0,0,0,3B
22966,Christian Walker,BAL,AL,125,486.0,56.0,118.0,23.0,1.0,18.0,60.0,33.0,143.0,1.0,2.0,0,2,0,0,0,0,0,0,0,1B
22969,Travis Jankowski,SD,NL,105,402.0,48.0,97.0,13.0,5.0,2.0,31.0,30.0,80.0,25.0,8.0,0,0,0,0,0,0,23,11,32,OF
22981,Hanser Alberto,TEX,AL,133,468.0,50.0,125.0,21.0,4.0,6.0,43.0,11.0,56.0,9.0,7.0,0,0,24,7,8,0,0,0,0,1B
22984,Stephen Piscotty,STL,NL,138,525.0,68.0,143.0,35.0,3.0,13.0,65.0,43.0,96.0,7.0,6.0,0,11,0,0,0,55,1,15,61,OF
22991,Dan Vogelbach,CHC,NL,107,393.0,54.0,95.0,19.0,1.0,12.0,50.0,47.0,103.0,2.0,3.0,0,0,0,0,0,0,0,0,0,1B
22998,Alen Hanson,PIT,NL,122,506.0,58.0,124.0,20.0,13.0,11.0,59.0,28.0,107.0,23.0,10.0,0,0,0,0,0,0,0,0,0,2B
23001,Brian Goodwin,WAS,NL,107,408.0,46.0,88.0,15.0,5.0,7.0,38.0,39.0,128.0,11.0,7.0,0,0,0,0,0,0,0,0,0,OF
23005,Trevor Story,COL,NL,124,492.0,57.0,120.0,29.0,7.0,18.0,63.0,42.0,161.0,17.0,4.0,0,0,0,0,0,0,0,0,0,SS
23007,Cameron Rupp,PHI,NL,85,289.0,30.0,63.0,12.0,1.0,9.0,32.0,22.0,93.0,0.0,1.0,80,0,0,0,0,0,0,0,0,C
23016,Austin Barnes,LAD,NL,113,418.0,53.0,102.0,19.0,3.0,10.0,48.0,37.0,77.0,6.0,2.0,11,0,1,1,0,0,0,0,0,C
23017,Billy Burns,OAK,AL,138,547.0,68.0,145.0,19.0,7.0,3.0,41.0,39.0,96.0,35.0,7.0,0,0,0,0,0,0,125,0,125,OF
23019,Kevin Pillar,TOR,AL,156,576.0,69.0,156.0,36.0,3.0,12.0,66.0,26.0,99.0,22.0,7.0,0,0,0,0,0,14,142,3,158,OF
23020,Scott Schebler,CIN,NL,137,498.0,65.0,114.0,18.0,7.0,18.0,63.0,33.0,150.0,11.0,4.0,0,0,0,0,0,7,0,6,13,OF
23033,Anthony Garcia,STL,NL,106,374.0,46.0,85.0,20.0,2.0,10.0,43.0,31.0,102.0,4.0,3.0,0,0,0,0,0,0,0,0,0,OF
23035,Kyle Kubitza,LAA,AL,133,483.0,56.0,99.0,26.0,5.0,8.0,46.0,50.0,186.0,7.0,5.0,0,0,2,13,0,2,0,0,2,3B
23043,Jorge Alfaro,PHI,NL,85,341.0,40.0,77.0,17.0,3.0,11.0,41.0,13.0,109.0,3.0,4.0,0,0,0,0,0,0,0,0,0,C
23047,Nomar Mazara,TEX,AL,134,522.0,59.0,136.0,23.0,3.0,19.0,57.0,40.0,148.0,2.0,1.0,0,0,0,0,0,0,0,0,0,OF
23059,C.J. Cron,LAA,AL,137,496.0,54.0,128.0,25.0,2.0,19.0,67.0,20.0,105.0,3.0,2.0,0,58,0,0,0,0,0,0,0,1B
23067,Devon Travis,TOR,AL,106,390.0,53.0,104.0,23.0,3.0,13.0,53.0,30.0,74.0,7.0,3.0,0,0,62,0,0,0,0,0,0,2B
23076,Chris Taylor,SEA,AL,122,465.0,60.0,116.0,21.0,4.0,4.0,37.0,41.0,117.0,16.0,6.0,0,0,4,1,28,0,0,0,0,1B
23082,Travis Shaw,BOS,AL,133,499.0,56.0,119.0,25.0,2.0,16.0,57.0,45.0,134.0,3.0,2.0,0,55,0,8,0,1,0,0,1,3B
23086,Tommy Medica,MIA,NL,106,348.0,46.0,83.0,18.0,3.0,10.0,42.0,23.0,96.0,4.0,2.0,0,0,0,0,0,0,0,0,0,1B
23089,Orlando Calixte,KC,AL,116,428.0,42.0,95.0,16.0,2.0,8.0,34.0,24.0,123.0,14.0,6.0,0,0,0,0,1,0,0,0,0,3B
23095,Darnell Sweeney,PHI,NL,134,521.0,62.0,120.0,24.0,5.0,12.0,55.0,43.0,165.0,19.0,12.0,0,0,9,1,0,12,2,1,14,1B
23099,Cheslor Cuthbert,KC,AL,130,487.0,54.0,124.0,25.0,2.0,11.0,53.0,33.0,87.0,6.0,3.0,0,1,1,17,0,0,0,0,0,3B
23100,Lane Adams,FA,,128,489.0,55.0,109.0,20.0,3.0,13.0,48.0,33.0,148.0,20.0,6.0,0,0,0,0,0,0,0,0,0,OF
23103,Blake Swihart,BOS,AL,110,404.0,48.0,102.0,24.0,3.0,6.0,41.0,25.0,102.0,5.0,4.0,83,0,0,0,0,0,0,0,0,C
23112,Arismendy Alcantara,CHC,NL,141,537.0,69.0,124.0,26.0,9.0,16.0,63.0,37.0,166.0,19.0,6.0,0,0,8,2,0,0,0,0,0,1B
23118,Domingo Santana,MIL,NL,138,503.0,75.0,127.0,24.0,3.0,26.0,84.0,59.0,178.0,5.0,4.0,0,0,0,0,0,14,24,25,49,OF
23127,Orlando Arcia,MIL,NL,135,543.0,64.0,140.0,31.0,4.0,10.0,61.0,29.0,102.0,20.0,9.0,0,0,0,0,0,0,0,0,0,1B
23139,Mallex Smith,ATL,NL,128,516.0,69.0,128.0,19.0,7.0,4.0,44.0,42.0,120.0,46.0,15.0,0,0,0,0,0,0,0,0,0,OF
23142,Mikie Mahtook,TB,AL,138,516.0,58.0,122.0,26.0,4.0,10.0,53.0,28.0,148.0,14.0,5.0,0,0,0,0,0,16,13,12,36,OF
23145,Jesse Winker,NULL,NULL,127,486.0,69.0,127.0,23.0,2.0,17.0,61.0,48.0,110.0,7.0,3.0,0,0,0,0,0,0,0,0,0,
23152,Mac Williamson,SF,NL,98,374.0,48.0,87.0,17.0,2.0,9.0,39.0,28.0,111.0,4.0,1.0,0,0,0,0,0,6,0,3,7,OF
23162,Garin Cecchini,MIL,NL,124,461.0,50.0,114.0,21.0,2.0,9.0,43.0,39.0,120.0,12.0,3.0,0,1,0,0,0,0,0,0,0,OF
23164,Alex Dickerson,SD,NL,111,404.0,51.0,98.0,23.0,4.0,9.0,50.0,26.0,106.0,4.0,2.0,0,0,0,0,0,1,0,0,1,OF
23177,Jose Ramirez,CLE,AL,141,511.0,70.0,134.0,27.0,5.0,8.0,49.0,41.0,59.0,22.0,9.0,0,0,33,13,46,2,0,0,2,1B
23219,Kennys Vargas,MIN,AL,127,462.0,59.0,110.0,18.0,1.0,19.0,62.0,39.0,142.0,0.0,1.0,0,18,0,0,0,0,0,0,0,1B
23230,Erik Gonzalez,CLE,AL,129,526.0,53.0,122.0,22.0,6.0,8.0,52.0,20.0,137.0,12.0,6.0,0,0,0,0,0,0,0,0,0,1B
23231,Joe Wendle,OAK,AL,114,473.0,52.0,112.0,26.0,4.0,9.0,50.0,20.0,107.0,6.0,2.0,0,0,0,0,0,0,0,0,0,1B
23243,Preston Tucker,HOU,AL,129,476.0,62.0,117.0,23.0,0.0,19.0,62.0,34.0,116.0,2.0,2.0,0,0,0,0,0,79,0,14,90,DH
23274,Gavin Cecchini,FA,,124,495.0,61.0,124.0,24.0,4.0,8.0,52.0,37.0,95.0,4.0,4.0,0,0,0,0,0,0,0,0,0,SS
23294,Mookie Betts,BOS,AL,155,629.0,95.0,187.0,43.0,7.0,18.0,80.0,57.0,85.0,26.0,7.0,0,0,0,0,0,0,133,11,144,OF
23386,Dustin Garneau,COL,NL,92,332.0,35.0,83.0,17.0,1.0,10.0,39.0,22.0,59.0,3.0,3.0,22,0,0,0,0,0,0,0,0,C
23387,Angelys Nina,PHI,NL,118,437.0,41.0,112.0,18.0,4.0,6.0,37.0,19.0,73.0,11.0,7.0,0,0,0,0,0,0,0,0,0,IF
23501,Alex Guerrero,LAD,NL,114,361.0,45.0,89.0,15.0,2.0,12.0,53.0,21.0,68.0,2.0,2.0,0,0,0,22,0,29,0,0,29,1B
23510,Mike Ohlman,STL,NL,102,379.0,43.0,93.0,19.0,1.0,6.0,39.0,30.0,102.0,1.0,1.0,0,0,0,0,0,0,0,0,0,C
23520,Aaron Altherr,PHI,NL,135,523.0,67.0,123.0,31.0,6.0,16.0,68.0,39.0,164.0,14.0,5.0,0,0,0,0,0,23,8,11,37,OF
23527,Ji-Man Choi,LAA,AL,65,233.0,30.0,55.0,11.0,1.0,5.0,27.0,23.0,53.0,1.0,2.0,0,0,0,0,0,0,0,0,0,1B
23539,Colin Moran,HOU,AL,112,453.0,49.0,114.0,24.0,2.0,10.0,51.0,30.0,113.0,1.0,1.0,0,0,0,0,0,0,0,0,0,3B
23542,Jorge Bonifacio,KC,AL,132,522.0,51.0,114.0,25.0,3.0,12.0,53.0,32.0,152.0,4.0,3.0,0,0,0,0,0,0,0,0,0,OF
23548,Maikel Franco,PHI,NL,133,522.0,73.0,141.0,34.0,4.0,21.0,84.0,31.0,92.0,2.0,0.0,0,2,0,75,0,0,0,0,0,3B
23563,Tyler Heineman,NULL,NULL,84,303.0,38.0,69.0,16.0,1.0,4.0,32.0,17.0,41.0,2.0,2.0,0,0,0,0,0,0,0,0,0,
23566,Kris Bryant,CHC,NL,152,563.0,94.0,148.0,28.0,5.0,29.0,106.0,80.0,199.0,14.0,4.0,0,1,0,144,0,8,7,7,19,3B
23580,Micah Johnson,LAD,NL,116,463.0,56.0,115.0,18.0,5.0,8.0,44.0,28.0,107.0,25.0,11.0,0,0,33,0,0,0,0,0,0,2B
23586,Luke Maile,TB,AL,98,347.0,37.0,77.0,14.0,1.0,5.0,30.0,25.0,80.0,2.0,1.0,15,0,0,0,0,0,0,0,0,C
23587,Clint Frazier,CLE,AL,130,519.0,65.0,117.0,24.0,3.0,19.0,60.0,45.0,196.0,10.0,8.0,0,0,0,0,0,0,0,0,0,3B
23588,Austin Meadows,PIT,NL,106,444.0,53.0,118.0,19.0,4.0,8.0,47.0,28.0,96.0,11.0,6.0,0,0,0,0,0,0,0,0,0,3B
23599,Tom Murphy,COL,NL,86,322.0,37.0,74.0,17.0,2.0,14.0,44.0,21.0,109.0,3.0,3.0,11,0,0,0,0,0,0,0,0,C
23682,Rudy Flores,ARI,NL,112,435.0,44.0,92.0,20.0,1.0,14.0,50.0,20.0,193.0,1.0,2.0,0,0,0,0,0,0,0,0,0,1B
23700,Dariel Alvarez,BAL,AL,120,465.0,54.0,126.0,22.0,2.0,15.0,55.0,13.0,72.0,5.0,3.0,0,0,0,0,0,0,1,12,12,OF
23708,Billy McKinney,CHC,NL,121,455.0,52.0,110.0,25.0,4.0,10.0,51.0,38.0,111.0,3.0,3.0,0,0,0,0,0,0,0,0,0,OF
23711,Richie Shaffer,TB,AL,121,444.0,56.0,94.0,22.0,1.0,18.0,55.0,37.0,162.0,3.0,1.0,0,10,0,8,0,1,0,2,3,1B
23715,Daniel Ray Robertson,TB,AL,109,452.0,55.0,108.0,21.0,3.0,6.0,40.0,34.0,103.0,3.0,4.0,0,0,0,0,0,0,0,0,0,C
23717,Daniel Castro,ATL,NL,147,514.0,57.0,132.0,20.0,3.0,4.0,42.0,20.0,62.0,5.0,4.0,0,0,12,5,10,0,0,0,0,SS
23718,Josh Hart,BAL,AL,108,435.0,33.0,94.0,11.0,2.0,2.0,25.0,12.0,126.0,22.0,15.0,0,0,0,0,0,0,0,0,0,OF
23731,Jack Reinheimer,ARI,NL,131,540.0,58.0,130.0,22.0,4.0,6.0,47.0,30.0,116.0,18.0,8.0,0,0,0,0,0,0,0,0,0,IF
23732,D.J. Peterson,SEA,AL,101,408.0,46.0,88.0,17.0,1.0,12.0,45.0,22.0,131.0,3.0,1.0,0,0,0,0,0,0,0,0,0,DH
23734,Max Muncy,OAK,AL,119,420.0,48.0,91.0,21.0,2.0,8.0,41.0,46.0,116.0,2.0,2.0,0,23,0,16,0,0,0,0,0,1B
23736,Matt Olson,NULL,NULL,136,527.0,66.0,108.0,28.0,0.0,17.0,58.0,71.0,179.0,3.0,1.0,0,0,0,0,0,0,0,0,0,
23766,Rio Ruiz,ATL,NL,134,504.0,56.0,112.0,24.0,2.0,8.0,49.0,47.0,130.0,2.0,3.0,0,0,0,0,0,0,0,0,0,3B
23768,David Peralta,ARI,NL,153,499.0,62.0,146.0,28.0,10.0,16.0,78.0,41.0,105.0,8.0,4.0,0,0,0,0,0,124,1,9,131,OF
23772,Patrick Kivlehan,TEX,AL,124,489.0,60.0,118.0,21.0,2.0,14.0,61.0,28.0,135.0,9.0,3.0,0,0,0,0,0,0,0,0,0,OF
23780,Kelby Tomlinson,SF,NL,127,472.0,52.0,113.0,15.0,4.0,3.0,39.0,34.0,110.0,20.0,9.0,0,0,50,0,1,0,0,0,0,1B
23783,Aledmys Diaz,STL,NL,130,478.0,56.0,118.0,26.0,3.0,11.0,54.0,24.0,102.0,9.0,6.0,0,0,0,0,0,0,0,0,0,1B
23790,Taylor Featherston,PHI,NL,119,368.0,42.0,81.0,17.0,3.0,8.0,32.0,20.0,109.0,8.0,4.0,0,0,33,39,22,0,0,0,0,2B
23791,Renato Nunez,OAK,AL,112,472.0,53.0,111.0,21.0,1.0,15.0,52.0,22.0,113.0,1.0,0.0,0,0,0,0,0,0,0,0,0,3B
23798,Stryker Trahan,ARI,NL,115,436.0,45.0,84.0,24.0,2.0,18.0,56.0,26.0,190.0,3.0,1.0,0,0,0,0,0,0,0,0,0,C
23800,Dominic Smith,NYM,NL,129,500.0,55.0,118.0,27.0,1.0,8.0,55.0,34.0,119.0,2.0,3.0,0,0,0,0,0,0,0,0,0,1B
23802,Jake Cave,CIN,NL,137,573.0,58.0,128.0,22.0,6.0,7.0,43.0,37.0,150.0,11.0,4.0,0,0,0,0,0,0,0,0,0,OF
23803,Rob Refsnyder,NYY,AL,126,484.0,61.0,120.0,26.0,3.0,13.0,56.0,44.0,105.0,10.0,4.0,0,0,15,0,0,0,0,0,0,1B
23804,Taylor Dugas,NYY,AL,94,319.0,35.0,74.0,12.0,1.0,1.0,21.0,33.0,61.0,6.0,4.0,0,0,0,0,0,0,0,0,0,OF
23824,Dilson Herrera,NYM,NL,133,520.0,68.0,131.0,24.0,4.0,15.0,62.0,38.0,122.0,14.0,6.0,0,0,29,0,0,0,0,0,0,1B
23826,Andrew Aplin,HOU,AL,114,424.0,53.0,101.0,14.0,4.0,4.0,39.0,51.0,82.0,19.0,8.0,0,0,0,0,0,0,0,0,0,OF
23838,Marco Hernandez,BOS,AL,124,488.0,49.0,124.0,23.0,5.0,7.0,50.0,18.0,115.0,9.0,5.0,0,0,0,0,0,0,0,0,0,1B
23842,Matt M. Duffy,SF,NL,147,528.0,67.0,145.0,25.0,5.0,11.0,64.0,34.0,105.0,13.0,2.0,0,1,9,134,3,0,0,0,0,3B
23855,Jordy Lara,ATL,NL,121,461.0,50.0,105.0,23.0,3.0,9.0,48.0,24.0,117.0,1.0,1.0,0,0,0,0,0,0,0,0,0,IF
23868,Trevor Brown,SF,NL,98,355.0,35.0,80.0,16.0,1.0,2.0,29.0,20.0,70.0,3.0,3.0,13,0,0,0,0,0,0,0,0,C
23887,Harold Ramirez,PIT,NL,86,347.0,41.0,92.0,14.0,4.0,5.0,36.0,19.0,76.0,16.0,14.0,0,0,0,0,0,0,0,0,0,OF
23898,Kyle Wren,MIL,NL,120,470.0,47.0,116.0,16.0,5.0,1.0,33.0,29.0,87.0,27.0,11.0,0,0,0,0,0,0,0,0,0,1B
23907,Hunter Dozier,KC,AL,119,457.0,46.0,92.0,24.0,1.0,9.0,42.0,34.0,153.0,5.0,3.0,0,0,0,0,0,0,0,0,0,OF
23915,Hunter Renfroe,SD,NL,133,529.0,63.0,117.0,26.0,3.0,17.0,66.0,33.0,173.0,5.0,2.0,0,0,0,0,0,0,0,0,0,OF
23916,Justin O'Conner,TB,AL,106,429.0,41.0,87.0,19.0,1.0,10.0,40.0,13.0,160.0,5.0,1.0,0,0,0,0,0,0,0,0,0,C
23929,Gabriel Guerrero,FA,,133,517.0,54.0,121.0,23.0,4.0,11.0,52.0,19.0,154.0,11.0,4.0,0,0,0,0,0,0,0,0,0,OF
23987,Patrick Leonard,TB,AL,124,482.0,59.0,107.0,23.0,2.0,12.0,45.0,35.0,157.0,8.0,1.0,0,0,0,0,0,0,0,0,0,C
23988,Wynton Bernard,DET,AL,109,429.0,47.0,105.0,18.0,3.0,4.0,35.0,26.0,86.0,22.0,11.0,0,0,0,0,0,0,0,0,0,OF
23989,Manuel Margot,SD,NL,123,483.0,54.0,121.0,23.0,5.0,10.0,47.0,28.0,87.0,31.0,17.0,0,0,0,0,0,0,0,0,0,OF
23990,Rangel Ravelo,OAK,AL,97,362.0,41.0,88.0,20.0,2.0,6.0,39.0,28.0,78.0,4.0,3.0,0,0,0,0,0,0,0,0,0,1B
23999,Adam Walker,MIN,AL,133,524.0,65.0,110.0,21.0,2.0,23.0,78.0,29.0,218.0,8.0,3.0,0,0,0,0,0,0,0,0,0,OF
24003,Ryan Brett,TB,AL,99,395.0,45.0,97.0,18.0,3.0,6.0,34.0,16.0,86.0,12.0,6.0,0,0,3,0,0,0,0,0,0,1B
24044,Ryan Rua,TEX,AL,106,389.0,44.0,88.0,17.0,1.0,13.0,41.0,28.0,113.0,4.0,2.0,0,4,0,0,0,22,0,4,25,OF
24045,Terrance Gore,KC,AL,108,313.0,33.0,64.0,5.0,1.0,0.0,14.0,22.0,94.0,32.0,5.0,0,0,0,0,0,4,0,0,4,OF
24067,Wilmer Difo,WAS,NL,118,455.0,49.0,112.0,21.0,4.0,7.0,45.0,19.0,100.0,22.0,5.0,0,0,2,0,0,0,0,0,0,1B
24082,Oscar Hernandez,ARI,NL,61,205.0,21.0,46.0,10.0,1.0,3.0,19.0,9.0,55.0,1.0,3.0,13,0,0,0,0,0,0,0,0,C
24104,Dian Toscano,ATL,NL,90,410.0,52.0,106.0,14.0,4.0,3.0,37.0,53.0,60.0,5.0,3.0,0,0,0,0,0,0,0,0,0,OF
24119,Boog Powell,SEA,AL,111,442.0,51.0,111.0,13.0,5.0,4.0,33.0,44.0,91.0,12.0,12.0,0,0,0,0,0,0,0,0,0,OF
24130,Matt E. Duffy,HOU,AL,134,516.0,67.0,125.0,23.0,2.0,16.0,66.0,29.0,130.0,2.0,2.0,0,2,0,2,0,0,0,0,0,3B
24149,Tim Anderson,CHW,AL,115,482.0,55.0,124.0,17.0,5.0,9.0,42.0,13.0,137.0,24.0,8.0,0,0,0,0,0,0,0,0,0,SS
24168,Anthony Alford,NULL,NULL,111,449.0,52.0,98.0,20.0,5.0,8.0,40.0,49.0,165.0,16.0,8.0,0,0,0,0,0,0,0,0,0,
24173,Christian Arroyo,SF,NL,103,435.0,45.0,107.0,21.0,2.0,7.0,42.0,18.0,94.0,5.0,4.0,0,0,0,0,0,0,0,0,0,OF
24188,Aaron Judge,NYY,AL,124,491.0,69.0,111.0,23.0,2.0,30.0,82.0,42.0,189.0,5.0,2.0,0,0,0,0,0,0,0,0,0,C
24192,Kyle Schwarber,CHC,NL,145,512.0,98.0,128.0,22.0,4.0,32.0,100.0,65.0,157.0,4.0,2.0,21,0,0,0,0,41,0,4,43,OF
24196,Carson Blair,FA,,78,272.0,29.0,50.0,11.0,2.0,8.0,27.0,29.0,120.0,1.0,0.0,11,0,0,0,0,0,0,0,0,C
24200,J.P. Crawford,PHI,NL,119,484.0,65.0,123.0,22.0,4.0,11.0,53.0,50.0,97.0,12.0,8.0,0,0,0,0,0,0,0,0,0,SS
24201,Pedro Severino,WAS,NL,102,349.0,37.0,85.0,15.0,1.0,7.0,33.0,17.0,74.0,2.0,1.0,2,0,0,0,0,0,0,0,0,C
24211,Trea Turner,WAS,NL,121,445.0,56.0,115.0,19.0,5.0,8.0,47.0,31.0,110.0,20.0,6.0,0,0,12,0,6,0,0,0,0,SS
24250,Carlos Asuaje,SD,NL,115,441.0,46.0,100.0,20.0,4.0,8.0,42.0,38.0,114.0,5.0,6.0,0,0,0,0,0,0,0,0,0,IF
24305,Tyler Wade,NULL,NULL,132,524.0,52.0,115.0,18.0,5.0,6.0,41.0,35.0,146.0,19.0,15.0,0,0,0,0,0,0,0,0,0,
24327,Michael Conforto,NYM,NL,152,552.0,85.0,141.0,32.0,3.0,26.0,87.0,49.0,125.0,1.0,2.0,0,0,0,0,0,50,0,0,50,OF
24344,Brett Phillips,MIL,NL,129,539.0,68.0,136.0,27.0,9.0,14.0,64.0,34.0,131.0,12.0,11.0,0,0,0,0,0,0,0,0,0,OF
24359,Raimel Tapia,COL,NL,134,558.0,62.0,156.0,27.0,5.0,12.0,59.0,22.0,115.0,26.0,16.0,0,0,0,0,0,0,0,0,0,OF
24362,Correlle Prime,NULL,NULL,135,542.0,53.0,126.0,27.0,2.0,14.0,59.0,22.0,166.0,9.0,5.0,0,0,0,0,0,0,0,0,0,
24365,Jason Coats,NULL,NULL,136,537.0,63.0,130.0,28.0,2.0,16.0,66.0,26.0,118.0,7.0,3.0,0,0,0,0,0,0,0,0,0,
24455,Trey Michalczewski,NULL,NULL,135,519.0,58.0,107.0,23.0,3.0,11.0,55.0,40.0,193.0,4.0,4.0,0,0,0,0,0,0,0,0,0,
24575,Daniel Palka,MIN,AL,113,455.0,52.0,98.0,21.0,3.0,15.0,53.0,35.0,164.0,11.0,5.0,0,0,0,0,0,0,0,0,0,OF
24612,Reese McGuire,PIT,NL,105,415.0,39.0,102.0,15.0,2.0,2.0,33.0,20.0,61.0,9.0,7.0,0,0,0,0,0,0,0,0,0,C
24842,Domingo Leyba,ARI,NL,111,462.0,43.0,109.0,21.0,3.0,3.0,34.0,18.0,87.0,7.0,7.0,0,0,0,0,0,0,0,0,0,IF
24864,Donavan Tate,LAD,NL,80,290.0,29.0,50.0,9.0,2.0,3.0,22.0,24.0,124.0,7.0,6.0,0,0,0,0,0,0,0,0,0,OF
24891,JaCoby Jones,DET,AL,128,513.0,58.0,109.0,18.0,3.0,16.0,57.0,33.0,199.0,14.0,7.0,0,0,0,0,0,0,0,0,0,OF
24909,Willy Adames,TB,AL,118,451.0,43.0,91.0,18.0,5.0,8.0,39.0,39.0,186.0,6.0,3.0,0,0,0,0,0,0,0,0,0,OF
24910,Jake Bauers,TB,AL,129,490.0,64.0,120.0,23.0,3.0,13.0,61.0,38.0,116.0,6.0,7.0,0,0,0,0,0,0,0,0,0,1B
24941,Franklin Barreto,OAK,AL,96,376.0,42.0,92.0,18.0,2.0,8.0,40.0,16.0,92.0,12.0,5.0,0,0,0,0,0,0,0,0,0,IF
24972,Juan Herrera,STL,NL,89,324.0,31.0,76.0,13.0,1.0,1.0,24.0,14.0,63.0,13.0,10.0,0,0,0,0,0,0,0,0,0,OF
24977,Dustin Peterson,ATL,NL,126,505.0,58.0,107.0,16.0,2.0,11.0,53.0,29.0,162.0,4.0,4.0,0,0,0,0,0,0,0,0,0,IF
25005,Nick Williams,PHI,NL,121,495.0,58.0,120.0,23.0,5.0,15.0,57.0,21.0,146.0,8.0,8.0,0,0,0,0,0,0,0,0,0,
25043,Roman Quinn,PHI,NL,80,320.0,40.0,78.0,8.0,4.0,6.0,30.0,21.0,87.0,22.0,11.0,0,0,0,0,0,0,0,0,0,OF
25060,Charlie Tilson,STL,NL,134,562.0,67.0,147.0,16.0,9.0,5.0,46.0,30.0,105.0,26.0,14.0,0,0,0,0,0,0,0,0,0,OF
25061,Max Moroff,PIT,NL,135,525.0,57.0,119.0,23.0,5.0,6.0,47.0,47.0,153.0,12.0,12.0,0,0,0,0,0,0,0,0,0,1B
25062,Danny Ortiz,PIT,NL,130,483.0,54.0,115.0,26.0,3.0,14.0,58.0,20.0,112.0,3.0,3.0,0,0,0,0,0,0,0,0,0,OF
25071,Colin Walsh,MIL,NL,112,435.0,53.0,96.0,19.0,3.0,10.0,38.0,56.0,137.0,7.0,3.0,0,0,0,0,0,0,0,0,0,1B
25076,Willson Contreras,CHC,NL,107,399.0,48.0,98.0,20.0,3.0,8.0,44.0,31.0,95.0,4.0,4.0,0,0,0,0,0,0,0,0,0,C
25088,Alfredo Gonzalez,HOU,AL,68,231.0,26.0,54.0,4.0,0.0,2.0,15.0,20.0,57.0,4.0,3.0,0,0,0,0,0,0,0,0,0,C
25101,Hyun Soo Kim,BAL,AL,132,516.0,67.0,139.0,22.0,0.0,20.0,64.0,49.0,84.0,5.0,2.0,0,0,0,0,0,0,0,0,0,OF
25102,Joey Rickard,BAL,AL,101,364.0,42.0,84.0,16.0,2.0,3.0,31.0,35.0,89.0,13.0,5.0,0,0,0,0,0,0,0,0,0,OF
25107,Byung-ho Park,MIN,AL,138,553.0,80.0,147.0,26.0,1.0,27.0,84.0,48.0,174.0,6.0,2.0,0,0,0,0,0,0,0,0,0,DH
25112,Ramon Torres,KC,AL,130,505.0,50.0,129.0,21.0,4.0,5.0,40.0,19.0,71.0,15.0,13.0,0,0,0,0,0,0,0,0,0,1B
25117,A.J. Reed,HOU,AL,138,559.0,86.0,146.0,23.0,4.0,26.0,84.0,64.0,158.0,0.0,0.0,0,0,0,0,0,0,0,0,0,1B
