playerName,team,league,G,AB,H,2B,3B,HR,R,RBI,BB,SO,HBP,SB,CS,mlbamID,playerid,G_C,G_1B,G_2B,G_3B,G_SS,G_LF,G_CF,G_RF,G_OF,defaultPos
Joey Votto,CIN,NL,162,545,170,34,2,27,94,89,117,126,0,7,2,458015,4314,0,162,0,0,0,0,0,0,0,1B
Mike Trout,LAA,AL,114,556,169,32,6,33,114,100,103,152,0,22,6,545361,10155,0,0,0,0,0,0,108,0,108,CF
David Ortiz,,,5,19,5,1,0,1,2,4,3,3,0,0,0,,745,0,0,0,0,0,0,0,0,0,
Paul Goldschmidt,ARI,NL,155,557,167,36,2,27,100,99,104,148,0,21,5,502671,9218,0,151,0,0,0,0,0,0,0,1B
Miguel Cabrera,DET,AL,130,534,165,33,1,30,85,95,71,106,0,0,0,408234,1744,0,115,0,0,0,0,0,0,0,1B
Freddie Freeman,ATL,NL,117,578,170,40,4,30,96,96,86,158,0,5,2,518692,5361,0,105,0,16,0,0,0,0,0,1B
Kris Bryant,CHC,NL,151,589,169,34,4,37,109,104,76,169,0,9,4,592178,15429,0,2,0,144,0,2,2,7,9,3B
Josh Donaldson,TOR,AL,113,576,161,33,3,35,109,101,92,120,0,6,1,518626,5038,0,0,0,105,4,0,0,0,0,3B
Nolan Arenado,COL,NL,159,606,176,38,5,40,104,121,59,101,0,2,2,571448,9777,0,0,0,157,0,0,0,0,0,3B
Bryce Harper,WSH,NL,111,516,144,28,2,28,90,86,97,125,0,13,6,547180,11579,0,0,0,0,0,0,0,110,110,RF
Anthony Rizzo,CHC,NL,157,573,165,38,3,32,94,104,73,109,0,7,4,519203,3473,0,157,10,1,0,1,0,0,1,1B
Matt Carpenter,STL,NL,145,560,156,39,4,26,96,80,85,128,0,3,3,572761,8090,0,120,13,16,0,0,0,0,0,1B
Edwin Encarnacion,CLE,AL,157,553,148,32,0,36,93,112,78,115,0,2,1,429665,2151,0,23,0,0,0,0,0,0,0,1B
Giancarlo Stanton,NYY,NL,159,490,127,25,1,37,75,96,65,162,0,3,1,519317,4949,0,0,0,0,0,0,0,149,149,RF
Nelson Cruz,SEA,AL,155,572,160,26,1,38,87,98,58,154,0,3,1,443558,2434,0,0,0,0,0,0,0,5,5,RF
Mookie Betts,BOS,AL,153,616,190,41,6,24,105,97,50,79,0,23,5,605141,13611,0,0,0,0,0,0,0,153,153,RF
Daniel Murphy,WSH,NL,144,560,177,44,4,20,81,92,37,59,0,5,3,502517,4316,0,0,139,0,0,0,0,0,0,2B
J.D. Martinez,BOS,NL,62,536,156,34,2,28,80,89,50,157,0,3,2,502110,6184,0,0,0,0,0,0,0,60,60,RF
Brandon Belt,SF,NL,104,531,146,38,6,21,77,79,82,151,0,3,2,474832,10264,0,98,0,0,0,15,0,1,15,1B
Andrew McCutchen,SF,NL,156,567,162,32,4,24,86,86,83,130,0,10,4,457705,9847,0,0,0,0,0,0,139,13,152,RF
Manny Machado,BAL,AL,156,625,181,36,1,35,99,97,55,118,0,5,4,592518,11493,0,0,0,156,0,0,0,0,0,3B
Jose Altuve,HOU,AL,153,633,204,41,4,18,97,83,51,65,0,30,9,514888,5417,0,0,149,0,0,0,0,0,0,2B
Corey Seager,LAD,NL,145,601,182,41,5,24,96,79,52,125,0,4,2,608369,13624,0,0,0,0,138,0,0,0,0,SS
Jose Bautista,TOR,AL,157,484,120,25,1,29,84,89,93,108,0,3,2,430832,1887,0,1,0,8,0,0,0,143,143,RF
Christian Yelich,MIL,NL,156,585,173,36,4,21,85,87,68,135,0,13,5,592885,11477,0,0,0,0,0,0,155,0,155,LF
Charlie Blackmon,COL,NL,159,592,180,32,6,24,100,74,43,106,0,26,9,453568,7859,0,0,0,0,0,0,158,0,158,LF
Ryan Braun,MIL,NL,104,515,148,26,4,26,79,85,48,108,0,15,5,460075,3410,0,0,0,0,0,95,0,0,95,LF
Carlos Gonzalez,COL,NL,136,554,157,34,2,29,83,95,44,131,0,3,1,471865,7287,0,0,0,0,0,0,0,125,125,LF
Carlos Correa,HOU,AL,109,592,167,36,3,25,83,100,70,130,0,18,4,621043,14162,0,0,0,0,108,0,0,0,0,SS
Trevor Story,COL,NL,145,534,140,30,6,32,85,89,48,176,0,12,5,596115,12564,0,0,0,0,142,0,0,0,0,SS
Jose Abreu,CWS,AL,156,597,173,32,2,28,76,96,49,129,0,0,1,547989,15676,0,139,0,0,0,0,0,0,0,1B
Yoenis Cespedes,NYM,NL,81,563,156,32,3,32,85,95,44,127,0,5,2,493316,13110,0,0,0,0,0,74,0,0,74,LF
Joc Pederson,LAD,NL,102,456,111,23,1,26,71,70,77,152,0,9,4,592626,11899,0,0,0,0,0,4,92,0,96,CF
Justin Turner,LAD,NL,130,540,154,35,2,23,77,85,48,104,0,5,2,457759,5235,0,0,0,121,0,0,0,0,0,3B
Robinson Cano,SEA,AL,150,625,183,34,2,28,91,91,47,96,0,2,2,429664,3269,0,0,150,0,0,0,0,0,0,2B
Steve Pearce,TOR,AL,92,308,82,19,1,16,43,45,34,68,0,1,1,456665,9957,0,10,0,0,0,85,0,0,85,1B
Jake Lamb,ARI,NL,149,549,142,31,8,28,80,90,63,160,0,6,2,571875,13329,0,0,0,144,0,0,0,0,0,3B
Buster Posey,SF,NL,140,537,160,30,1,16,74,84,60,65,0,3,1,457763,9166,99,38,0,0,0,0,0,0,0,1B
Jung Ho Kang,PIT,,123,421,113,24,1,23,61,73,40,102,0,4,3,628356,17182,0,0,0,0,0,0,0,0,0,3B
Adrian Beltre,TEX,AL,94,549,160,29,2,23,80,87,46,69,0,1,1,134181,639,0,0,0,65,0,0,0,0,0,3B
DJ LeMahieu,COL,NL,155,567,177,27,7,9,93,62,58,95,0,16,6,518934,9874,0,0,153,0,0,0,0,0,0,2B
Carlos Santana,PHI,AL,154,568,140,30,2,27,84,86,102,110,0,6,2,467793,2396,0,140,0,0,0,0,0,7,7,1B
Trea Turner,WSH,NL,98,584,176,28,11,18,94,62,37,125,0,45,10,607208,16252,0,0,0,0,95,0,0,0,0,SS
Kyle Seager,SEA,AL,154,594,162,34,3,27,84,92,61,105,0,4,2,572122,9785,0,0,0,154,0,0,0,0,0,3B
Gary Sanchez,NYY,AL,122,460,122,26,0,27,64,76,41,115,0,3,1,596142,11442,104,2,0,0,0,0,0,0,0,C
A.J. Pollock,ARI,NL,112,527,154,31,5,17,88,59,44,86,0,28,6,572041,9256,0,0,0,0,0,0,109,0,109,CF
George Springer,HOU,AL,140,586,155,28,4,27,103,78,77,167,0,11,6,543807,12856,0,0,0,0,0,0,84,78,131,RF
Miguel Sano,MIN,AL,114,506,121,28,1,32,74,85,69,202,0,2,1,593934,12164,0,9,0,82,0,0,0,0,0,3B
Ben Zobrist,CHC,NL,128,517,140,32,3,15,84,65,78,76,0,5,3,450314,7435,0,5,81,0,5,36,0,32,61,2B
Kyle Schwarber,CHC,NL,129,440,109,15,2,26,78,72,64,139,0,3,1,656941,16478,4,1,0,0,0,110,0,0,110,LF
Andrew Benintendi,BOS,AL,151,503,145,39,6,13,72,69,46,95,0,11,5,643217,17901,0,0,0,0,0,123,30,0,149,LF
Willson Contreras,CHC,NL,117,430,120,24,2,18,57,61,44,96,0,4,3,575929,11609,108,5,0,1,0,4,0,2,6,LF
David Dahl,COL,,125,458,130,26,6,17,74,59,36,121,0,14,4,621311,13744,0,0,0,0,0,0,0,0,0,LF
Chris Davis,BAL,AL,128,557,130,24,0,39,94,95,82,212,0,2,1,448801,9272,0,125,0,2,0,0,0,0,0,1B
Jonathan Lucroy,OAK,NL,46,483,138,26,3,18,66,72,47,87,0,3,1,518960,7870,44,0,0,0,0,0,0,0,0,C
Hanley Ramirez,BOS,AL,133,512,141,26,1,25,74,91,48,107,0,8,3,434670,8001,0,18,0,0,0,0,0,0,0,1B
Eric Thames,MIL,NL,138,451,118,25,2,23,70,78,49,131,0,9,3,519346,3711,0,108,0,0,0,25,0,5,29,1B
Justin Bour,MIA,NL,108,449,120,22,1,22,54,76,50,95,0,0,0,571506,9744,0,102,0,0,0,0,0,0,0,1B
Kendrys Morales,TOR,AL,150,544,148,29,0,26,70,93,51,117,0,0,0,434778,8610,0,12,0,0,0,0,0,0,0,1B
Francisco Lindor,CLE,AL,159,601,180,30,5,15,90,75,53,92,0,22,7,596019,12916,0,0,0,0,158,0,0,0,0,SS
Yasmani Grandal,LAD,NL,129,405,96,16,1,23,52,67,67,117,0,1,1,518735,11368,117,0,0,0,0,0,0,0,0,C
Dexter Fowler,STL,NL,118,488,130,25,7,14,84,46,73,124,0,14,5,451594,4062,0,0,0,0,0,0,109,0,109,CF
Tyler Naquin,CLE,AL,19,408,113,22,5,14,60,49,42,125,0,10,3,571980,13359,0,0,0,0,0,0,11,8,17,CF
Gregory Polanco,PIT,NL,108,564,151,34,5,24,84,83,53,121,0,23,7,570256,12907,0,0,0,0,0,25,6,68,96,LF
Aledmys Diaz,TOR,NL,79,504,141,32,3,17,74,69,48,82,0,8,5,649557,15937,0,0,1,4,68,3,0,0,3,SS
Jason Kipnis,CLE,AL,90,527,147,35,4,16,79,66,53,116,0,13,4,543401,9776,0,0,75,0,0,0,11,0,11,2B
Dustin Pedroia,BOS,AL,105,579,173,32,1,13,86,64,56,73,0,6,3,456030,8370,0,0,98,0,0,0,0,0,0,2B
Michael Conforto,NYM,NL,109,399,104,27,2,17,56,58,41,99,0,3,2,624424,16376,0,0,0,0,0,52,43,11,97,LF
Gregory Bird,NYY,AL,48,381,97,22,0,19,56,59,42,111,0,1,0,595885,14131,0,46,0,0,0,0,0,0,0,1B
Justin Upton,LAA,AL,125,573,145,29,2,31,85,92,58,175,0,10,4,457708,5222,0,0,0,0,0,124,0,0,124,LF
Alex Bregman,HOU,AL,155,548,149,33,5,22,83,79,47,108,0,7,3,608324,17678,0,0,4,132,30,0,0,0,0,3B
Evan Longoria,SF,AL,156,615,164,37,3,30,79,90,47,139,0,2,2,446334,9368,0,0,0,142,0,0,0,0,0,3B
Hunter Pence,SF,NL,134,472,132,26,2,17,69,70,44,110,0,4,2,452254,8252,0,0,0,0,0,0,0,125,125,RF
Khris Davis,OAK,AL,153,557,137,26,2,37,82,96,46,164,0,3,2,501981,9112,0,0,0,0,0,116,0,0,116,LF
Adrian Gonzalez,NYM,NL,71,557,155,32,0,21,70,89,55,112,0,0,1,408236,1908,0,60,0,0,0,0,0,0,0,1B
Pedro Alvarez,BAL,AL,14,337,83,16,0,21,44,54,37,100,0,2,1,476883,2495,0,2,0,0,0,0,0,0,0,1B
Matt Holliday,NYY,AL,105,436,113,24,1,20,56,70,49,87,0,1,0,407812,1873,0,8,0,0,0,0,0,0,0,1B
Neil Walker,NYY,NL,38,498,136,20,2,22,68,68,47,100,0,3,1,435522,7539,0,14,27,2,0,0,0,0,0,2B
Domingo Santana,MIL,NL,151,459,118,24,1,22,62,65,54,163,0,5,4,570267,10348,0,0,0,0,0,0,0,144,144,LF
Adam Eaton,WSH,NL,23,603,174,29,9,13,96,58,60,115,0,16,7,594809,11205,0,0,0,0,0,5,20,2,23,RF
Michael Brantley,CLE,AL,90,365,104,25,0,10,47,57,35,40,0,10,1,488726,4106,0,0,0,0,0,87,0,0,87,LF
Matt Kemp,LAD,NL,115,591,160,35,1,29,82,99,40,151,0,7,1,461314,5631,0,0,0,0,0,103,0,0,103,LF
Hyun Soo Kim,PHI,AL,56,399,116,20,1,8,48,32,46,66,0,2,2,547957,18718,0,0,0,0,0,42,0,0,42,1B
Mike Moustakas,KC,AL,148,488,130,28,1,23,66,76,39,73,0,1,1,519058,4892,0,0,0,127,0,0,0,0,0,3B
Anthony Rendon,WSH,NL,147,536,146,34,2,17,82,73,59,109,0,9,4,543685,12861,0,0,0,145,0,0,0,0,0,2B
Lucas Duda,KC,NL,75,393,95,22,0,21,55,63,50,107,0,1,0,446263,2502,0,69,0,0,0,0,0,0,0,1B
Curtis Granderson,TOR,NL,36,538,131,26,4,25,82,67,75,134,0,6,3,434158,4747,0,0,0,0,0,26,6,8,33,RF
Carlos Beltran,HOU,AL,129,493,136,29,0,21,60,73,36,94,0,1,0,136860,589,0,0,0,0,0,13,0,1,14,RF
Danny Valencia,SEA,AL,130,437,122,22,1,17,62,54,36,109,0,1,1,502143,6364,0,118,0,1,0,0,0,10,10,1B
Andre Ethier,LAD,NL,22,223,60,12,3,7,27,29,23,46,0,1,1,444843,6265,0,0,0,0,0,8,0,0,8,LF
Mark Trumbo,BAL,AL,146,572,146,25,2,34,81,91,45,156,0,2,1,444432,6876,0,2,0,2,0,0,0,31,31,1B
Shin-Soo Choo,TEX,AL,149,452,117,22,1,17,69,54,61,123,0,7,4,425783,3174,0,0,0,0,0,0,0,77,77,RF
Troy Tulowitzki,TOR,AL,66,476,128,23,0,22,64,73,43,102,0,1,0,453064,3531,0,0,0,0,64,0,0,0,0,SS
Brian Dozier,MIN,AL,152,608,149,35,4,31,100,86,64,141,0,16,4,572821,9810,0,0,152,0,0,0,0,0,0,2B
David Peralta,ARI,NL,140,455,127,26,10,13,59,59,31,101,0,7,2,444482,2136,0,0,0,0,0,50,0,78,126,RF
Tom Murphy,COL,NL,12,287,75,16,2,15,41,50,19,88,0,2,1,608596,13499,8,0,0,0,0,0,0,0,0,C
Stephen Piscotty,OAK,NL,107,576,158,35,4,20,79,82,50,126,0,8,5,572039,13367,0,0,0,0,0,0,0,99,99,RF
Michael Saunders,PIT,NL,61,472,119,26,3,20,65,56,55,149,0,2,2,459431,9981,0,0,0,0,0,0,0,52,52,RF
Starling Marte,PIT,NL,77,554,164,35,5,14,80,66,28,121,0,38,11,516782,9241,0,0,0,0,0,56,25,0,76,LF
Josh Bell,PIT,NL,159,448,124,23,2,11,59,62,53,74,0,3,3,605137,13145,0,147,0,0,0,0,0,0,0,1B
Eric Hosmer,SD,AL,162,593,163,29,2,21,82,94,56,123,0,6,3,543333,3516,0,157,0,0,0,0,0,0,0,1B
Nick Castellanos,DET,AL,157,546,148,33,5,21,65,76,39,150,0,1,1,592206,11737,0,0,0,129,0,0,0,21,21,3B
Ryon Healy,SEA,AL,149,511,145,33,1,20,64,67,27,112,0,0,0,592387,15447,0,39,0,34,0,0,0,0,0,1B
Devon Travis,TOR,AL,50,479,139,32,2,13,69,60,29,96,0,6,2,581527,13862,0,0,50,0,0,0,0,0,0,2B
Jose Ramirez,CLE,AL,152,569,164,38,4,12,82,69,46,65,0,23,7,608070,13510,0,0,71,88,0,0,0,0,0,3B
C.J. Cron,TB,AL,100,492,135,27,2,22,59,79,27,102,0,3,2,543068,12546,0,98,0,0,0,0,0,0,0,1B
John Jaso,PIT,NL,126,296,80,20,2,7,36,34,36,59,0,1,2,444379,5887,0,29,0,0,0,17,0,46,61,1B
Max Kepler,MIN,AL,147,501,128,27,5,20,69,77,56,109,0,9,3,596146,12144,0,0,0,0,0,0,13,138,143,RF
Chris Carter,NYY,AL,62,447,98,21,1,30,63,75,57,166,0,2,1,474892,9911,0,56,0,0,0,0,0,2,2,1B
Rougned Odor,TEX,AL,162,587,159,31,7,28,84,85,26,126,0,12,6,596059,12282,0,0,158,0,0,0,0,0,0,2B
Yasiel Puig,LAD,NL,152,425,115,21,4,16,57,58,37,96,0,6,3,624577,14225,0,0,0,0,0,0,0,145,145,RF
Josh Reddick,HOU,AL,134,463,126,21,3,16,56,60,43,68,0,8,2,502210,3892,0,1,0,0,0,48,11,102,129,RF
Marcell Ozuna,STL,NL,159,550,146,27,4,25,74,78,40,125,0,1,2,542303,10324,0,0,0,0,0,152,3,1,153,LF
Xander Bogaerts,BOS,AL,148,618,177,34,2,17,97,88,49,119,0,10,3,593428,12161,0,0,0,0,146,0,0,0,0,SS
Matt Joyce,OAK,AL,141,356,82,18,2,14,51,50,64,99,0,1,2,459964,3353,0,0,0,0,0,24,1,115,133,LF
Maikel Franco,PHI,NL,154,573,153,29,2,26,70,89,44,104,0,2,1,596748,12179,0,2,0,144,0,0,0,0,0,3B
Alex Dickerson,SD,,124,405,109,24,4,15,58,57,32,77,0,7,2,543105,12649,0,0,0,0,0,0,0,0,0,RF
Mike Napoli,TEX,AL,124,478,112,19,1,25,66,76,68,162,0,3,2,435063,3057,0,95,0,0,0,0,0,0,0,1B
Logan Forsythe,LAD,NL,119,522,141,27,3,18,75,61,50,119,0,7,4,523253,7185,0,1,80,42,2,3,0,0,3,2B
Evan Gattis,HOU,AL,84,438,110,18,2,26,55,69,32,110,0,1,1,594828,11003,49,1,0,0,0,0,0,0,0,C
Franklin Gutierrez,LAD,NL,35,196,49,9,0,11,26,31,19,65,0,1,0,429711,3255,0,0,0,0,0,17,0,0,17,LF
Randal Grichuk,TOR,NL,122,486,121,30,5,27,69,70,30,150,0,6,3,545341,10243,0,0,0,0,0,58,5,55,107,LF
Ian Desmond,COL,NL,95,534,147,27,3,20,79,75,38,146,0,16,5,435622,6885,0,27,0,0,1,66,1,0,67,LF
Wil Myers,SD,NL,155,523,134,26,3,20,89,83,60,136,0,20,4,571976,10047,0,154,1,0,0,0,0,0,0,1B
Melky Cabrera,KC,AL,98,596,171,38,3,14,71,80,44,76,0,3,1,466320,4022,0,0,0,0,0,92,0,0,92,LF
Ryan Schimpf,ATL,NL,53,390,87,23,4,21,60,62,51,130,0,2,1,572114,9953,0,0,0,50,0,0,0,0,0,2B
Yasmany Tomas,ARI,NL,47,532,143,29,2,25,66,78,28,138,0,4,3,630111,17171,0,0,0,0,0,42,0,0,42,LF
Jonathan Villar,MIL,NL,122,570,155,35,4,13,88,57,65,164,0,52,14,542340,10071,0,0,98,0,0,0,6,0,6,2B
Joe Panik,SF,NL,138,506,142,26,5,10,68,64,51,57,0,5,2,605412,11936,0,0,137,0,0,0,0,0,0,2B
Kole Calhoun,LAA,AL,155,601,160,31,4,21,88,77,57,135,0,3,2,594777,11200,0,0,0,0,0,0,0,154,154,RF
Joe Mauer,MIN,AL,141,518,138,28,3,10,69,57,73,103,0,2,1,408045,1857,0,125,0,0,0,0,0,0,0,1B
Asdrubal Cabrera,NYM,NL,135,525,140,37,3,19,67,62,40,106,0,6,2,452678,4962,0,0,32,44,45,0,0,0,0,SS
Jackie Bradley Jr.,BOS,AL,133,526,133,30,6,19,81,74,56,142,0,7,2,598265,12984,0,0,0,0,0,0,132,0,132,RF
Tommy Joseph,PHI,NL,142,505,130,26,0,29,67,76,31,116,0,1,1,571830,10349,0,130,0,0,0,0,0,0,0,1B
Adam Lind,NYY,NL,116,328,86,18,0,13,40,48,31,68,0,0,0,452252,8027,0,39,0,0,0,25,0,0,25,1B
Luis Valbuena,LAA,AL,117,403,98,20,1,18,54,52,53,99,0,1,1,472528,4969,0,48,0,59,0,0,0,0,0,1B
Yangervis Solarte,TOR,NL,128,519,143,31,2,16,66,73,41,71,0,1,1,500208,5352,0,8,79,22,28,0,0,0,0,2B
Brandon Crawford,SF,NL,144,548,145,30,8,15,67,82,55,125,0,6,2,543063,5343,0,0,0,0,138,0,0,0,0,SS
Chris Young,LAA,AL,90,253,64,19,0,10,37,31,24,61,0,4,2,455759,3882,0,0,0,0,0,39,0,8,46,LF
Corey Dickerson,PIT,AL,150,501,129,33,4,22,59,70,33,129,0,2,2,572816,10762,0,0,0,0,0,93,0,0,93,LF
Lorenzo Cain,MIL,AL,155,533,154,29,4,12,78,69,39,110,0,23,5,456715,9077,0,0,0,0,0,0,151,0,151,RF
Brandon Drury,NYY,NL,135,464,128,31,1,16,55,54,31,94,0,2,1,592273,11615,0,0,114,1,0,0,0,0,0,2B
Mark Reynolds,COL,NL,148,274,69,14,0,12,36,36,31,83,0,1,1,448602,7619,0,138,0,0,0,1,0,0,1,1B
David Wright,NYM,,53,198,51,11,0,6,25,24,25,56,0,3,2,431151,3787,0,0,0,0,0,0,0,0,0,3B
Martin Prado,MIA,NL,37,533,157,29,3,9,61,65,40,67,0,2,1,445988,3312,0,0,0,34,0,0,0,0,0,2B
Odubel Herrera,PHI,NL,138,574,163,26,5,13,82,51,51,138,0,22,7,546318,11476,0,0,0,0,0,0,133,0,133,2B
Ian Kinsler,LAA,AL,139,576,162,30,4,16,94,73,41,93,0,12,5,435079,6195,0,0,135,0,0,0,0,0,0,2B
Seth Smith,BAL,AL,111,406,102,21,2,14,60,56,51,96,0,0,0,452234,7331,0,0,0,0,0,12,0,80,91,LF
Jay Bruce,NYM,AL,43,521,126,28,4,26,69,85,47,130,0,5,2,457803,9892,0,1,0,0,0,0,0,41,41,RF
Albert Pujols,LAA,AL,149,494,127,19,0,26,63,86,40,63,0,3,1,405395,1177,0,6,0,0,0,0,0,0,0,1B
Jedd Gyorko,STL,NL,125,435,107,14,1,25,55,63,38,106,0,1,1,576397,10816,0,10,5,109,0,1,0,0,1,2B
Nick Markakis,ATL,NL,160,584,162,34,1,10,68,70,65,91,0,1,1,455976,5930,0,0,0,0,0,0,0,156,156,RF
Brad Miller,TB,AL,110,524,129,27,5,24,66,71,48,137,0,8,4,543543,12775,0,0,98,0,0,0,0,0,0,SS
Todd Frazier,NYM,AL,81,591,144,28,1,33,81,89,53,150,0,11,6,453943,785,0,4,0,67,0,0,0,0,0,1B
Jordan Patterson,COL,,36,108,30,5,1,3,12,13,8,27,0,1,1,641958,15119,0,0,0,0,0,0,0,0,0,RF
Trey Mancini,BAL,AL,147,195,52,10,1,8,25,26,13,51,0,1,1,641820,15149,0,45,0,0,0,88,0,2,90,1B
Andrew Toles,LAD,NL,31,341,97,21,3,7,46,38,20,69,0,10,5,592808,13414,0,0,0,0,0,21,10,0,28,RF
Victor Martinez,DET,AL,107,484,130,22,0,18,52,74,40,70,0,0,0,400121,393,0,0,0,0,0,0,0,0,0,1B
Keon Broxton,MIL,NL,143,460,111,21,5,15,66,52,62,176,0,36,12,542979,9253,0,0,0,0,0,0,139,0,139,CF
Dansby Swanson,ATL,NL,144,526,144,28,5,11,72,62,52,124,0,11,2,621020,18314,0,0,0,0,142,0,0,0,0,SS
Kennys Vargas,MIN,AL,78,301,71,15,0,15,41,40,35,100,0,0,0,573627,12101,0,40,0,0,0,0,0,0,0,1B
Cesar Hernandez,PHI,NL,128,541,152,18,8,6,68,41,61,117,0,22,10,514917,10556,0,0,127,0,1,0,0,0,0,2B
Jorge Soler,KC,AL,35,436,110,23,1,16,59,61,45,128,0,2,1,624585,14221,0,0,0,0,0,7,0,15,22,LF
Joey Gallo,TEX,AL,145,241,50,9,2,14,36,37,35,108,0,3,1,608336,14128,0,59,0,72,0,18,0,0,18,3B
Scott Schebler,CIN,NL,141,395,102,17,5,16,52,54,28,97,0,6,3,594988,12225,0,0,0,0,0,0,15,120,133,RF
Sean Rodriguez,PIT,NL,15,37,9,2,0,2,5,6,3,12,0,0,0,446481,6589,0,0,4,5,0,4,0,1,5,1B
Tommy Pham,STL,NL,128,202,49,9,2,8,31,22,23,73,0,5,2,502054,2967,0,0,0,0,0,86,37,1,119,LF
Trayce Thompson,LAD,NL,27,239,58,13,2,10,32,30,23,65,0,6,2,572204,9952,0,0,0,0,0,7,9,8,19,RF
Robbie Grossman,MIN,AL,119,283,71,14,1,7,38,29,41,83,0,4,2,543257,5254,0,0,0,0,0,18,0,35,53,LF
Jarrett Parker,SF,NL,51,332,80,10,2,15,52,45,40,123,0,3,2,592620,11624,0,0,0,0,0,44,0,5,47,LF
Kevin Kiermaier,TB,AL,98,530,137,27,8,17,73,54,46,101,0,22,5,595281,11038,0,0,0,0,0,0,97,0,97,RF
Hunter Renfroe,SD,NL,122,444,114,23,2,21,58,67,23,113,0,3,1,592669,15464,0,0,0,0,0,0,0,120,120,RF
Derek Dietrich,MIA,NL,135,282,73,16,4,8,36,32,25,71,0,1,1,518618,10542,0,10,10,103,0,5,0,0,5,2B
Billy Butler,NYY,,57,189,51,11,0,5,21,25,17,34,0,0,0,456714,7399,0,0,0,0,0,0,0,0,0,1B
Adam Jones,BAL,AL,147,614,164,24,1,28,84,86,32,118,0,3,1,430945,6368,0,0,0,0,0,0,147,0,147,CF
Jesse Winker,,,83,302,79,15,0,6,34,33,40,62,0,2,1,,sa657865,0,0,0,0,0,0,0,0,0,
Nomar Mazara,TEX,AL,148,492,129,17,3,18,59,63,42,111,0,1,1,608577,14553,0,0,0,0,0,47,0,92,131,LF
Addison Russell,CHC,NL,110,548,136,29,3,21,71,87,54,144,0,6,2,608365,14106,0,0,0,0,101,0,0,0,0,2B
Jefry Marte,LAA,AL,45,249,61,15,1,12,32,37,20,57,0,3,2,527043,5107,0,28,0,10,0,3,0,0,3,1B
Matt Adams,WSH,NL,100,250,63,15,0,11,27,39,17,63,0,1,1,571431,9393,0,59,0,0,0,13,0,0,13,1B
Wilmer Flores,NYM,NL,110,402,106,19,0,18,48,57,24,59,0,1,1,527038,5827,0,29,12,55,0,0,0,0,0,2B
Mitch Moreland,BOS,AL,149,463,118,26,0,20,51,70,34,115,0,1,0,519048,3086,0,138,0,0,0,0,0,0,0,1B
Russell Martin,TOR,AL,91,432,102,18,1,18,61,68,58,127,0,2,2,431145,4616,83,0,0,10,0,0,0,0,0,3B
Adam Duvall,CIN,NL,157,542,128,28,4,30,75,90,39,161,0,5,3,594807,10950,0,3,0,0,0,151,0,0,151,1B
Alex Gordon,KC,AL,148,495,121,22,1,18,67,56,60,145,0,7,3,460086,5209,0,0,0,0,0,140,15,1,147,LF
J.T. Realmuto,MIA,NL,141,501,141,29,3,11,59,53,29,93,0,12,4,592663,11739,126,9,0,0,0,0,0,0,0,C
Yoan Moncada,CWS,AL,54,355,89,17,3,11,50,44,39,115,0,18,7,660162,17232,0,0,54,0,0,0,0,0,0,2B
Michael Cuddyer,NYM,,12,41,11,2,0,1,5,5,3,9,0,0,0,150212,1534,0,0,0,0,0,0,0,0,0,LF|1B
Lonnie Chisenhall,CLE,AL,82,420,114,26,3,10,49,57,28,84,0,5,1,502082,7571,0,7,0,0,0,11,19,45,75,RF
Jeremy Hazelbaker,ARI,NL,41,165,40,6,3,7,26,21,14,54,0,5,2,571757,9399,0,0,0,0,0,11,6,8,24,LF
David Murphy,BOS,,15,42,12,2,0,1,4,6,3,6,0,0,0,461815,6035,0,0,0,0,0,0,0,0,0,LF|RF
Ender Inciarte,ATL,NL,157,569,165,27,6,5,87,41,43,75,0,25,7,542255,4922,0,0,0,0,0,0,156,0,156,LF
Daniel Palka,CWS,,18,59,13,3,0,3,6,9,5,21,0,0,0,594953,sa549449,0,0,0,0,0,0,0,0,0,RF|1B
Tyler O'Neill,,,16,62,15,3,1,2,8,12,7,23,0,1,1,,sa737633,0,0,0,0,0,0,0,0,0,
Tyler Austin,NYY,AL,20,202,50,10,1,8,24,28,20,66,0,3,1,592122,11850,0,8,0,0,0,0,0,7,7,RF
Justin Morneau,CWS,,55,200,54,12,1,6,19,24,13,40,0,0,1,408047,1737,0,0,0,0,0,0,0,0,0,1B
Francisco Cervelli,PIT,NL,81,407,110,17,3,4,49,39,54,89,0,4,2,465041,5275,78,0,0,0,0,0,0,0,0,C
Jhonny Peralta,STL,NL,21,402,106,22,1,12,49,47,32,80,0,1,1,425509,1738,0,0,0,15,0,0,0,0,0,3B
Greg Garcia,STL,NL,133,135,35,7,0,2,17,10,20,30,0,2,1,594824,10951,0,0,34,41,12,0,0,0,0,3B
Brandon Guyer,CLE,AL,70,242,65,15,1,6,35,26,17,45,0,4,2,446386,2636,0,0,0,0,0,33,0,37,65,LF
Clint Frazier,,,11,43,11,3,0,2,6,5,4,13,0,1,0,,sa737437,0,0,0,0,0,0,0,0,0,
Brandon Moss,OAK,AL,118,458,105,21,2,25,63,69,43,149,0,1,0,461235,4467,0,14,0,0,0,5,0,2,7,1B
Mark Teixeira,NYY,,40,135,30,6,0,7,16,20,17,35,0,1,0,407893,1281,0,0,0,0,0,0,0,0,0,1B
Jayson Werth,WSH,NL,70,433,103,23,1,15,65,56,55,111,0,3,1,150029,1327,0,0,0,0,0,51,0,16,67,LF
Brett Gardner,NYY,AL,151,549,142,24,6,11,82,51,65,120,0,17,5,458731,9927,0,0,0,0,0,122,22,0,138,LF
Chris Coghlan,TOR,AL,36,211,50,12,2,6,29,24,27,50,0,4,1,458085,6878,0,0,3,18,0,8,0,0,8,3B
Jorge Polanco,MIN,AL,133,466,128,25,6,8,49,51,34,85,0,11,6,593871,13152,0,0,0,0,130,0,0,0,0,3B
Travis d'Arnaud,NYM,NL,112,352,90,16,1,12,43,42,31,70,0,0,0,518595,7739,93,0,1,1,0,0,0,0,0,C
Stephen Vogt,MIL,NL,45,479,123,26,2,15,56,62,41,89,0,0,0,519390,5000,38,0,0,0,0,0,0,0,0,1B
Wilson Ramos,TB,AL,64,288,77,12,0,11,29,40,17,54,0,0,0,467092,1433,62,0,0,0,0,0,0,0,0,C
Chris Herrmann,ARI,NL,106,276,68,11,4,10,36,42,27,83,0,5,1,543302,9284,45,5,0,0,0,22,0,2,24,RF
Yadier Molina,STL,NL,136,475,136,27,1,7,44,52,33,58,0,3,2,425877,7007,133,1,0,0,0,0,0,0,0,C
Robinson Chirinos,TEX,AL,88,259,60,17,0,12,34,37,24,69,0,0,1,455139,3142,85,0,0,0,0,0,0,0,0,C
Matt Wieters,WSH,NL,123,429,109,20,2,17,49,61,33,91,0,1,0,446308,4298,118,0,0,0,0,0,0,0,0,C
Mitch Haniger,SEA,AL,96,437,108,18,3,17,49,56,40,109,0,6,3,571745,14274,0,0,0,0,0,2,6,94,96,LF
Jonathan Schoop,BAL,AL,160,591,156,34,1,25,74,79,21,140,0,2,1,570731,11265,0,0,159,0,5,0,0,0,0,2B
Oswaldo Arcia,SD,,25,83,19,4,1,4,9,12,7,29,0,0,0,542455,10306,0,0,0,0,0,0,0,0,0,LF
Yulieski Gurriel,HOU,AL,139,474,127,28,1,14,56,60,28,64,0,4,3,493329,19198,0,131,1,7,0,0,0,0,0,1B
Elvis Andrus,TEX,AL,158,560,154,32,4,7,73,62,48,80,0,24,8,462101,8709,0,0,0,0,157,0,0,0,0,SS
Yunel Escobar,LAA,AL,89,489,140,23,1,6,60,41,40,65,0,2,2,488862,4191,0,0,0,87,0,0,0,0,0,3B
Byung-ho Park,MIN,,79,280,64,12,1,15,38,39,25,102,0,1,0,666560,18497,0,0,0,0,0,0,0,0,0,1B
Carlos Gomez,TB,AL,105,485,122,27,2,18,69,63,38,138,0,23,7,460576,4881,0,0,0,0,0,0,102,0,102,CF
Cheslor Cuthbert,KC,AL,58,347,92,19,1,9,38,39,26,67,0,2,1,596144,10473,0,6,3,44,0,0,0,0,0,3B
Denard Span,TB,NL,129,536,148,26,4,7,70,45,48,70,0,14,4,452655,8347,0,0,0,0,0,0,123,0,123,CF
A.J. Reed,HOU,AL,2,275,65,11,1,11,36,38,33,89,0,0,0,607223,16246,0,1,0,0,0,0,0,0,0,1B
Tommy La Stella,CHC,NL,73,144,38,10,1,1,14,13,15,22,0,1,1,600303,12371,0,1,21,18,0,0,0,0,0,2B
Stephen Cardullo,COL,NL,15,79,20,4,1,3,9,10,5,17,0,1,0,506924,11204,0,0,0,0,0,6,0,2,8,1B
Marcus Semien,OAK,AL,85,564,138,26,4,22,70,66,50,139,0,10,3,543760,12533,0,0,0,0,85,0,0,0,0,3B
Eduardo Nunez,BOS,AL,38,484,134,23,4,11,59,56,27,78,0,26,8,456488,6848,0,0,26,4,5,0,0,0,0,3B
Aaron Judge,NYY,AL,155,358,83,14,1,16,48,51,38,136,0,3,2,592450,15640,0,0,0,0,0,0,0,141,141,RF
Eugenio Suarez,CIN,NL,156,541,136,25,2,19,68,68,45,145,0,9,4,553993,12552,0,0,0,153,1,0,0,0,0,3B
Trevor Plouffe,TB,AL,58,445,112,24,2,16,53,65,36,91,0,2,1,461858,7462,0,0,0,52,0,0,0,0,0,3B
Kyle Jensen,ARI,,20,52,12,2,1,3,7,8,4,18,0,1,0,571812,7706,0,0,0,0,0,0,0,0,0,LF
Welington Castillo,CWS,AL,96,410,103,19,0,17,42,63,32,114,0,1,0,456078,3256,88,0,0,0,0,0,0,0,0,C
Andrew Susac,BAL,NL,8,182,43,10,1,7,20,25,18,56,0,0,0,572180,13132,2,0,0,0,0,0,0,0,0,C
Jason Heyward,CHC,NL,126,520,134,28,3,11,65,54,55,90,0,15,4,518792,4940,0,0,0,0,0,0,13,120,124,RF
Nick Hundley,SF,NL,101,221,58,13,1,6,22,28,16,51,0,2,1,460026,3376,82,0,0,0,0,0,0,0,0,C
Nori Aoki,NYM,AL,71,369,103,19,4,4,50,27,29,38,0,10,6,493114,13075,0,0,0,0,0,56,0,16,67,LF
Javier Baez,CHC,NL,145,468,125,23,2,16,56,65,22,131,0,14,4,595879,12979,0,4,80,8,73,0,0,1,1,2B
Dan Vogelbach,SEA,AL,16,297,70,13,1,10,38,42,37,82,0,1,0,596129,14130,0,7,0,0,0,0,0,0,0,1B
Andres Blanco,PHI,NL,80,153,40,12,1,3,19,15,11,31,0,2,1,433217,1907,0,11,15,16,4,0,0,0,0,2B
Miguel Montero,TOR,NL,44,231,54,8,0,8,27,33,32,58,0,1,1,471083,3364,29,1,0,0,0,0,0,0,0,C
Marlon Byrd,CLE,,30,112,28,6,1,5,12,16,8,35,0,0,0,407781,950,0,0,0,0,0,0,0,0,0,LF
Adam Frazier,PIT,NL,121,287,81,14,2,3,37,22,22,44,0,11,4,624428,15223,0,0,42,1,1,52,4,15,67,2B
David Freese,PIT,NL,130,391,101,21,0,11,50,48,35,116,0,0,1,501896,9549,0,3,0,116,0,0,0,0,0,1B
Justin Smoak,TOR,AL,158,361,81,16,0,17,44,51,43,119,0,0,0,475253,9054,0,151,0,0,0,0,0,0,0,1B
Chris Marrero,SF,NL,15,22,6,1,0,1,2,2,1,5,0,0,0,502029,2852,0,0,0,0,0,12,0,0,12,1B
Conor Gillaspie,SF,NL,44,199,52,10,2,5,20,24,12,34,0,1,1,543216,9009,0,4,0,20,0,0,0,0,0,3B
Jose Reyes,NYM,NL,145,473,126,23,4,9,68,44,39,75,0,20,4,408314,1736,0,0,28,36,80,1,1,0,2,3B
Brian McCann,HOU,AL,97,431,102,14,0,19,56,66,46,95,0,1,0,435263,4810,95,0,0,0,0,0,0,0,0,C
Geovany Soto,CWS,AL,13,176,42,9,0,8,20,21,16,55,0,0,0,434567,3707,13,0,0,0,0,0,0,0,0,C
Kolten Wong,STL,NL,108,502,129,19,7,13,64,52,42,84,0,16,4,543939,12532,0,0,106,0,0,0,0,0,0,2B
Travis Shaw,MIL,NL,144,474,116,27,2,16,57,64,42,137,0,4,2,543768,11982,0,1,0,143,0,0,0,0,0,1B
Guillermo Heredia,SEA,AL,123,234,62,9,1,4,34,27,27,38,0,4,2,628338,18721,0,0,0,0,0,62,63,1,117,LF
Lewis Brinson,,,63,243,61,14,2,9,32,32,14,61,0,6,2,,sa657923,0,0,0,0,0,0,0,0,0,
Jose Martinez,STL,NL,106,112,30,6,0,3,15,11,9,22,0,2,0,500874,7996,0,33,0,0,0,24,0,17,40,1B
Alex Rodriguez,,,30,103,23,4,0,5,12,16,11,30,0,1,0,,1274,0,0,0,0,0,0,0,0,0,
Chase Headley,SD,AL,147,491,124,22,1,13,61,55,51,125,0,5,2,452104,4720,0,45,1,86,0,0,0,0,0,3B
Yonder Alonso,CLE,AL,100,408,107,26,0,7,48,45,40,61,0,3,2,475174,2530,0,96,0,0,0,0,0,0,0,1B
Prince Fielder,TEX,,36,135,33,6,0,4,14,20,15,25,0,0,0,425902,4613,0,0,0,0,0,0,0,0,0,DH
Logan Morrison,MIN,AL,149,428,102,20,2,16,51,52,42,92,0,5,3,489149,9205,0,126,0,0,0,0,0,0,0,1B
Austin Meadows,PIT,,31,120,31,7,2,2,15,16,11,28,0,5,1,640457,sa737440,0,0,0,0,0,0,0,0,0,
Howie Kendrick,WSH,NL,39,507,137,25,2,9,66,50,42,99,0,9,3,435062,4229,0,1,10,0,0,24,0,0,24,2B
Ryan Raburn,WSH,NL,25,169,39,8,1,6,20,23,19,54,0,0,0,430605,2218,0,0,0,0,0,22,0,0,22,LF
Gregor Blanco,ARI,NL,90,112,29,5,1,1,16,10,13,23,0,4,1,453923,3123,0,0,0,0,0,44,35,6,72,LF
Josh Hamilton,TEX,,29,102,25,5,0,4,13,14,8,31,0,0,0,285078,1875,0,0,0,0,0,0,0,0,0,LF|RF
Brock Holt,BOS,AL,64,331,88,18,2,4,45,33,30,69,0,6,2,571788,9345,0,2,31,9,0,10,0,2,11,2B
Rickie Weeks Jr.,TB,AL,37,104,24,5,1,4,14,13,11,32,0,2,1,430001,1849,0,12,0,0,0,0,0,0,0,1B
Scooter Gennett,CIN,NL,141,326,87,20,2,8,37,34,19,67,0,4,2,571697,10339,0,0,99,10,0,9,0,6,15,2B
Aramis Ramirez,,,16,55,14,3,0,2,5,8,3,8,0,0,0,,1002,0,0,0,0,0,0,0,0,0,
Blake Swihart,BOS,AL,6,197,52,9,2,3,25,21,18,48,0,2,2,596119,13176,4,0,0,0,0,0,0,0,0,LF
Cameron Maybin,MIA,AL,21,445,120,18,4,7,63,49,41,89,0,19,6,457727,5223,0,0,0,0,0,5,15,3,20,LF
Daniel Descalso,ARI,NL,131,166,40,7,1,4,21,20,20,40,0,2,1,518614,8392,0,19,45,15,1,36,0,0,36,2B
Dilson Herrera,CIN,,83,290,74,13,2,8,41,36,23,67,0,7,5,599096,14335,0,0,0,0,0,0,0,0,0,2B|SS
Jean Segura,SEA,AL,125,603,167,27,6,12,81,56,31,96,0,28,8,516416,5933,0,0,0,0,124,0,0,0,0,2B
Mark Canha,OAK,AL,57,279,68,14,1,11,37,41,21,74,0,4,1,592192,11445,0,3,0,0,0,20,19,22,53,1B
Josh Harrison,PIT,NL,128,526,150,31,6,6,64,54,22,82,0,17,6,543281,8202,0,0,83,49,0,8,0,1,9,2B
Angel Pagan,SF,,106,405,110,20,3,7,53,38,30,61,0,12,4,434636,2918,0,0,0,0,0,0,0,0,0,LF
Alex Avila,ARI,NL,35,198,41,8,0,6,23,17,40,82,0,0,0,488671,7476,28,3,0,0,0,0,0,0,0,C
Devin Mesoraco,CIN,NL,56,276,66,12,0,10,30,37,27,65,0,1,1,519023,5666,40,0,0,0,0,0,0,0,0,C
Ozzie Albies,,,20,82,22,5,2,0,11,7,7,17,0,4,2,,sa830219,0,0,0,0,0,0,0,0,0,
Jeimer Candelario,DET,NL,11,61,15,3,0,2,7,7,7,16,0,0,0,600869,13621,0,1,0,9,0,0,0,0,0,1B
Harold Ramirez,TOR,,53,157,40,7,1,5,21,19,12,40,0,3,2,623912,sa660586,0,0,0,0,0,0,0,0,0,RF
Bruce Maxwell III,OAK,AL,76,181,46,9,1,4,19,25,16,45,0,0,0,622194,13866,74,0,0,0,0,0,0,0,0,C
Stephen Drew,WSH,NL,46,168,38,9,1,7,20,20,17,37,0,0,0,452220,4251,0,0,2,11,13,0,0,0,0,2B
Didi Gregorius,NYY,AL,136,574,153,30,3,16,67,66,28,91,0,7,2,544369,6012,0,0,0,0,135,0,0,0,0,SS
Clint Robinson,WSH,,59,152,38,6,0,4,17,18,16,29,0,0,0,519208,6908,0,0,0,0,0,0,0,0,0,1B
Wilin Rosario,COL,,10,29,8,2,0,1,3,4,1,7,0,0,0,501647,8002,0,0,0,0,0,0,0,0,0,1B|C
Dae-Ho Lee,SEA,,43,141,35,6,0,6,17,22,9,37,0,0,0,493193,18722,0,0,0,0,0,0,0,0,0,1B
Steven Moya,DET,,82,286,70,13,3,13,32,37,13,95,0,3,1,570615,11854,0,0,0,0,0,0,0,0,0,RF
Byron Buxton,MIN,AL,140,480,115,26,8,15,72,56,35,165,0,20,5,621439,14161,0,0,0,0,0,0,137,0,137,CF
Chris Denorfia,NYY,,12,31,8,1,0,1,4,3,2,7,0,0,0,456121,4400,0,0,0,0,0,0,0,0,0,RF|LF
Colby Rasmus,TB,AL,37,398,89,16,1,19,49,55,42,135,0,3,1,458675,9893,0,0,0,0,0,23,1,7,30,LF
Anthony Santander,,,40,130,32,6,0,5,17,16,9,35,0,1,1,,sa659463,0,0,0,0,0,0,0,0,0,
Matt Chapman,,,12,43,9,2,0,2,6,7,4,15,0,1,0,,sa828672,0,0,0,0,0,0,0,0,0,
Gerardo Parra,COL,NL,115,402,108,25,3,9,53,40,17,77,0,8,4,467827,8553,0,6,0,0,0,82,1,22,103,LF
Brett Lawrie,CWS,,124,469,117,26,1,16,51,52,32,130,0,6,3,543434,5247,0,0,0,0,0,0,0,0,0,2B
Roman Quinn,PHI,,78,278,73,13,3,4,42,26,25,79,0,20,7,596451,13546,0,0,0,0,0,0,0,0,0,CF
Brandon Phillips,LAA,NL,120,529,151,25,1,10,64,61,20,69,0,10,4,408252,791,0,0,88,25,0,0,0,0,0,2B
Tyler Flowers,ATL,NL,99,357,89,18,0,11,33,47,29,118,0,0,0,452095,9134,85,0,0,0,0,0,0,0,0,C
Kirk Nieuwenhuis,MIL,NL,16,241,51,15,1,9,29,31,32,91,0,5,4,543590,6400,0,0,0,0,0,3,7,0,10,RF
Nick Franklin,LAA,AL,13,296,73,15,3,10,31,35,21,78,0,9,2,545338,10166,0,0,8,0,0,3,0,0,3,2B
Ji-Man Choi,NYY,AL,6,112,25,5,0,5,12,13,14,25,0,1,2,596847,5452,0,6,0,0,0,0,0,0,0,1B
Dylan Cozens,PHI,,21,69,17,4,0,2,9,10,6,24,0,1,0,622226,sa657955,0,0,0,0,0,0,0,0,0,RF
Kelly Johnson,NYM,,42,104,26,4,0,4,10,13,9,25,0,1,0,430637,2234,0,0,0,0,0,0,0,0,0,2B
Torii Hunter,,,16,60,15,3,0,2,8,9,4,12,0,0,1,,731,0,0,0,0,0,0,0,0,0,
Eddie Rosario,MIN,AL,151,424,111,21,6,12,57,46,16,109,0,8,4,592696,12155,0,0,0,0,0,138,10,16,150,LF
James Loney,NYM,,58,205,57,10,0,4,18,21,11,21,0,0,0,425766,4556,0,0,0,0,0,0,0,0,0,1B
Jacoby Ellsbury,NYY,AL,112,528,138,22,4,9,69,52,47,88,0,21,7,453056,4727,0,0,0,0,0,0,97,0,97,CF
Adonis Garcia,ATL,NL,52,495,134,28,1,14,57,59,20,89,0,4,2,611177,13777,0,0,0,39,0,1,0,0,1,3B
Zack Cozart,LAA,NL,122,504,125,27,3,16,66,55,36,88,0,5,2,446359,2616,0,0,0,0,112,0,0,0,0,SS
Mac Williamson,SF,NL,28,285,67,11,1,12,36,39,26,84,0,1,1,607776,14158,0,0,0,0,0,9,0,12,21,LF
Starlin Castro,MIA,AL,112,591,157,29,2,18,62,72,25,113,0,4,2,516770,4579,0,0,109,0,0,0,0,0,0,2B
Sandy Leon,BOS,AL,85,337,87,17,1,7,39,37,29,87,0,0,0,506702,5273,84,0,0,0,0,0,0,0,0,C
Aaron Hill,SF,NL,34,125,32,6,0,2,14,14,12,21,0,2,1,431094,6104,0,0,7,7,0,6,0,0,6,2B
Yefri Perez,MIA,,42,62,17,4,1,0,16,4,4,15,0,12,5,570639,12090,0,0,0,0,0,0,0,0,0,CF
Salvador Perez,KC,AL,129,531,135,27,2,21,57,68,20,106,0,0,0,521692,7304,115,0,0,0,0,0,0,0,0,C
Mallex Smith,TB,AL,81,275,71,12,4,4,40,27,25,68,0,24,9,605480,13608,0,0,0,0,0,24,51,9,78,LF
Brandon Nimmo,NYM,NL,69,155,41,6,1,3,21,15,13,39,0,1,1,607043,12927,0,0,0,0,0,32,12,8,50,LF
Cameron Rupp,PHI,NL,88,443,107,24,1,17,41,56,32,132,0,1,0,519237,11146,88,0,0,0,0,0,0,0,0,C
David Ross,CHC,,24,57,12,3,0,2,6,8,9,21,0,0,0,424325,1551,0,0,0,0,0,0,0,0,0,C
Dee Gordon,SEA,NL,158,597,174,20,9,3,85,36,30,98,0,54,15,543829,8203,0,0,153,0,3,0,0,0,0,2B
Ryan Zimmerman,WSH,NL,144,400,95,22,1,15,53,57,32,94,0,3,1,475582,4220,0,143,0,0,0,0,0,0,0,1B
Ty Kelly,PHI,NL,1,59,14,2,1,1,7,6,8,12,0,0,0,571841,7740,0,0,0,0,0,0,0,0,0,3B
Austin Jackson,SF,AL,85,201,53,12,2,3,27,21,16,47,0,5,2,457706,9848,0,0,0,0,0,38,38,18,81,CF
Manuel Margot,SD,NL,126,524,140,30,9,7,72,49,28,91,0,27,9,622534,14712,0,0,0,0,0,0,123,0,123,CF
Ryan Brett,TB,,45,127,33,8,1,3,14,11,9,28,0,2,1,592166,12138,0,0,0,0,0,0,0,0,0,2B
Jurickson Profar,TEX,AL,22,390,97,14,3,9,51,37,41,83,0,5,3,595777,10815,0,2,1,3,4,12,0,0,12,2B
Jose Peraza,CIN,NL,143,547,157,22,6,6,63,48,23,76,0,40,15,606299,13593,0,0,77,0,55,0,2,0,2,2B
Pablo Sandoval,SF,AL,32,417,108,21,1,11,44,51,29,71,0,0,0,467055,5409,0,0,1,29,0,0,0,0,0,3B
Steven Souza Jr.,ARI,AL,148,457,109,19,1,17,62,52,40,164,0,9,5,519306,5667,0,0,0,0,0,0,3,138,139,RF
Brett Eibner,LAD,NL,17,166,37,8,1,6,21,21,17,47,0,2,0,518649,11369,0,0,0,0,0,6,5,3,11,LF
Jace Peterson,ATL,NL,89,335,83,15,2,5,38,31,41,72,0,7,5,607054,12325,0,7,15,15,4,25,0,2,27,2B
Desmond Jennings,TB,,60,210,49,10,2,6,26,20,22,52,0,5,2,457775,1965,0,0,0,0,0,0,0,0,0,LF
Matt Duffy,TB,,135,511,138,23,3,9,62,56,33,91,0,12,4,622110,13836,0,0,0,0,0,0,0,0,0,2B
Brett Nicholas,TEX,AL,22,48,12,3,0,2,5,5,4,12,0,0,0,592592,11192,19,0,0,0,0,0,0,0,0,C
Hunter Dozier,KC,,42,140,34,9,0,4,19,16,13,42,0,2,0,641531,15117,0,0,0,0,0,0,0,0,0,3B
Ryan Howard,PHI,,76,250,54,11,0,14,28,44,20,81,0,0,0,429667,2154,0,0,0,0,0,0,0,0,0,1B
Jarrod Saltalamacchia,TOR,AL,10,229,47,9,0,11,28,34,31,92,0,0,0,457454,5557,7,0,0,0,0,0,0,0,0,C
Ildemaro Vargas,,,38,116,32,4,1,2,15,15,5,23,0,1,0,,sa504705,0,0,0,0,0,0,0,0,0,
Jose Osuna,,,38,113,31,4,1,2,16,15,6,25,0,1,0,,sa546540,0,0,0,0,0,0,0,0,0,
Anthony Garcia,STL,,39,120,29,6,0,4,15,14,10,30,0,1,0,571685,sa502038,0,0,0,0,0,0,0,0,0,
Joey Rickard,BAL,AL,111,228,60,11,1,3,29,19,21,48,0,6,2,572073,13277,0,0,0,0,0,43,21,53,107,LF
Melvin Upton Jr.,TOR,,112,383,90,14,4,14,48,42,33,120,0,18,5,425834,5015,0,0,0,0,0,0,0,0,0,LF
Delmon Young,BAL,,16,58,15,3,0,1,7,7,3,12,0,0,0,430321,2140,0,0,0,0,0,0,0,0,0,RF|LF
Rob Segedin,LAD,NL,13,46,11,2,1,2,5,6,4,12,0,0,0,574847,11446,0,6,0,5,0,1,0,0,1,3B
Tim Anderson,CWS,AL,146,587,160,27,8,11,78,48,21,160,0,25,6,641313,15172,0,0,0,0,145,0,0,0,0,SS
Tim Beckham,BAL,AL,50,249,59,13,4,8,30,30,17,79,0,4,2,542921,7949,0,0,0,0,49,0,0,0,0,2B
Paulo Orlando,KC,AL,39,356,98,18,4,5,40,34,14,80,0,11,3,449181,8628,0,0,0,0,0,0,18,20,38,RF
Adam Rosales,ARI,NL,34,163,37,8,1,6,21,19,16,51,0,3,1,489267,9682,0,6,3,11,10,0,0,0,0,2B
Bradley Zimmer,,,36,134,32,6,1,3,19,17,15,50,0,8,2,,sa599245,0,0,0,0,0,0,0,0,0,
Abraham Almonte,CLE,AL,69,258,65,19,3,4,34,28,17,61,0,9,2,501659,5486,0,0,0,0,0,20,8,32,58,RF
Wuilmer Becerra,NYM,,53,156,38,7,1,5,19,17,12,43,0,2,0,610141,sa659205,0,0,0,0,0,0,0,0,0,RF
A.J. Ellis,MIA,NL,51,152,35,7,0,3,14,18,22,30,0,1,0,454560,5677,39,0,0,0,0,0,0,0,0,C
Phil Gosselin,TEX,NL,28,119,33,7,0,1,14,9,7,23,0,2,0,594838,10953,0,1,11,1,0,0,0,0,0,2B
Rob Refsnyder,CLE,AL,20,141,36,7,0,2,18,14,14,29,0,3,1,608701,13770,0,4,2,0,0,8,0,3,11,1B
Ryan Rua,TEX,AL,63,215,52,9,1,7,30,22,17,68,0,6,1,607387,12409,0,23,0,0,0,37,0,1,38,1B
Jarrod Dyson,ARI,AL,111,511,134,19,12,3,71,43,43,86,0,49,11,502481,4866,0,0,0,0,0,12,96,0,108,RF
Kyle Higashioka,,,39,118,28,6,0,4,14,16,9,30,0,0,0,,sa454957,0,0,0,0,0,0,0,0,0,
Enrique Hernandez,LAD,NL,140,188,44,9,1,6,22,18,19,48,0,2,1,571771,10472,0,3,9,14,24,28,34,18,73,SS
Gorkys Hernandez,SF,NL,128,183,46,9,1,4,22,15,16,41,0,6,3,491676,4146,0,0,0,0,0,57,50,20,113,CF
Coco Crisp,CLE,,60,219,51,12,1,5,27,24,24,39,0,6,2,424825,1572,0,0,0,0,0,0,0,0,0,LF
Travis Snider,TEX,,26,73,17,4,1,2,8,8,8,18,0,0,1,501983,2830,0,0,0,0,0,0,0,0,0,LF|RF
Alejandro De Aza,WSH,NL,28,201,49,10,2,5,27,20,18,51,0,5,3,457477,3371,0,0,0,0,0,13,1,14,23,LF
Kevin Pillar,TOR,AL,154,547,148,33,2,9,63,54,25,89,0,17,5,607680,12434,0,0,0,0,0,0,153,0,153,LF
Tucker Barnhart,CIN,NL,121,332,84,16,1,5,29,38,32,62,0,1,1,571466,10200,110,0,0,0,0,0,0,0,0,C
Curt Casali,TB,AL,9,297,63,14,0,13,35,40,34,99,0,0,0,592200,12510,8,0,0,0,0,0,0,0,0,C
J.P. Crawford,,,61,233,58,9,2,3,28,22,28,41,0,6,3,,sa737507,0,0,0,0,0,0,0,0,0,
Avisail Garcia,CWS,AL,136,467,117,18,2,13,61,57,35,127,0,5,4,541645,5760,0,0,0,0,0,0,0,132,132,RF
Tyler Saladino,CWS,AL,79,249,65,10,1,6,29,29,14,52,0,10,3,573135,10807,0,3,26,22,13,0,0,0,0,2B
Rymer Liriano,CWS,AL,21,195,47,10,1,5,24,20,18,59,0,6,3,542642,4779,0,0,0,0,0,12,0,7,19,RF
Mike Zunino,SEA,AL,124,362,77,15,0,20,39,50,31,129,0,0,0,572287,13265,120,0,0,0,0,0,0,0,0,C
Manny Pina,MIL,NL,107,91,23,6,0,2,8,11,7,19,0,0,1,444489,2829,102,0,0,0,0,0,0,0,0,C
Rio Ruiz,ATL,NL,53,162,39,6,2,3,17,20,17,46,0,2,0,547004,14103,0,2,0,41,0,0,0,0,0,3B
Nolan Reimold,BAL,,68,183,42,8,1,6,22,18,20,56,0,2,1,460099,3441,0,0,0,0,0,0,0,0,0,LF
Andrelton Simmons,LAA,AL,158,526,142,24,3,6,56,50,34,49,0,9,3,592743,10847,0,0,0,0,158,0,0,0,0,SS
Andrew Aplin,SEA,,75,223,53,9,1,6,28,23,20,55,0,4,1,545331,sa502787,0,0,0,0,0,0,0,0,0,
Domonic Brown,PHI,,10,36,9,2,0,1,4,5,3,7,0,1,0,502126,3154,0,0,0,0,0,0,0,0,0,RF
Chase Utley,LAD,NL,127,334,81,18,2,8,45,36,27,67,0,2,1,400284,1679,0,17,80,0,0,0,0,0,0,2B
Drew Robinson,,,29,90,20,4,1,3,12,10,9,28,0,2,1,,sa548300,0,0,0,0,0,0,0,0,0,
Kelby Tomlinson,SF,NL,104,170,46,6,1,1,21,14,16,33,0,7,3,605509,13005,0,0,20,24,11,9,0,0,9,2B
Cole Gillespie,MIA,,23,54,14,3,1,1,6,6,4,11,0,1,0,502261,5888,0,0,0,0,0,0,0,0,0,LF
Brandon Snyder,ATL,,12,24,5,1,0,1,3,3,1,8,0,0,0,474319,9856,0,0,0,0,0,0,0,0,0,3B
David DeJesus,LAA,,23,82,20,4,0,2,9,9,7,17,0,1,1,430203,1825,0,0,0,0,0,0,0,0,0,LF
T.J. Rivera,NYM,NL,73,157,43,7,1,3,16,18,6,28,0,1,0,608061,12495,0,20,12,28,0,3,0,0,3,2B
Albert Almora,CHC,NL,132,343,91,18,3,7,42,34,14,55,0,5,2,546991,14109,0,0,0,0,0,1,104,1,105,CF
Gavin Cecchini,NYM,NL,32,79,20,6,0,1,9,8,6,14,0,1,0,608325,17005,0,0,20,0,0,0,0,0,0,SS
Raimel Tapia,COL,NL,70,160,45,5,2,2,22,15,7,34,0,9,2,606132,14350,0,0,0,0,0,18,6,22,46,LF
Jordy Mercer,PIT,NL,145,477,121,22,2,9,53,52,40,82,0,2,1,474568,6547,0,0,0,0,144,0,0,0,0,SS
Scott Van Slyke,CIN,NL,29,159,38,9,0,4,17,17,14,43,0,2,1,475100,4365,0,9,0,0,0,11,1,1,12,1B
Aaron Hicks,NYY,AL,88,322,76,13,2,9,38,33,33,70,0,6,3,543305,5297,0,0,0,0,0,22,52,14,84,RF
Cory Spangenberg,SD,NL,129,275,71,11,4,4,33,24,21,69,0,8,3,605486,12294,0,0,7,96,0,32,0,0,32,2B
Whit Merrifield,KC,AL,145,336,89,21,2,3,46,30,21,68,0,12,4,593160,11281,0,1,132,1,0,7,0,10,16,2B
Jacob Hannemann,,,34,110,27,6,1,2,13,11,9,30,0,5,0,,sa550326,0,0,0,0,0,0,0,0,0,
Richie Shaffer,CLE,,30,95,20,6,0,3,12,11,11,34,0,0,0,572128,13271,0,0,0,0,0,0,0,0,0,1B
Marwin Gonzalez,HOU,AL,134,355,91,18,2,10,40,35,16,78,0,6,4,503556,5497,0,31,22,19,38,47,0,2,48,1B
Jeff Baker,MIA,,10,32,8,1,0,1,4,4,3,10,0,0,0,425557,2073,0,0,0,0,0,0,0,0,0,1B|2B
Roberto Perez,CLE,AL,73,220,47,10,1,6,26,25,32,69,0,0,0,547379,2900,71,0,0,0,0,0,0,0,0,C
Josh Rutledge,BOS,AL,37,81,21,5,1,1,11,8,6,25,0,1,1,592710,11167,0,5,16,20,0,0,0,0,0,2B
Juan Uribe,CLE,,37,124,30,6,0,4,12,15,9,27,0,0,0,346874,454,0,0,0,0,0,0,0,0,0,3B
Christian Walker,ARI,NL,11,87,20,4,0,3,10,10,8,27,0,0,0,572233,13419,0,1,0,0,0,0,0,0,0,1B
Ronald Guzman,TEX,,6,25,6,1,0,1,3,3,2,6,0,0,0,608597,sa659670,0,0,0,0,0,0,0,0,0,1B
Hector Sanchez,SD,NL,75,90,21,4,0,3,8,12,6,22,0,0,0,516949,10289,25,6,0,0,0,0,0,0,0,C
Adam Brett Walker,BAL,,33,99,22,4,1,4,12,13,8,41,0,1,1,608724,sa621791,0,0,0,0,0,0,0,0,0,
Ketel Marte,ARI,NL,73,395,108,21,4,2,50,33,22,71,0,14,6,606466,13613,0,0,0,3,64,0,0,0,0,SS
Tyler White,HOU,AL,22,109,25,6,0,4,12,14,10,25,0,0,0,643603,15564,0,19,4,0,0,2,0,0,2,1B
Brian Goodwin,WSH,NL,74,118,29,6,1,2,11,14,10,34,0,3,0,571718,12858,0,0,0,0,0,31,34,11,69,RF
Jonny Gomes,KC,,20,69,15,3,0,2,8,9,8,24,0,1,0,430404,1845,0,0,0,0,0,0,0,0,0,LF
Jason Coats,TB,,62,169,41,11,0,4,22,16,13,45,0,2,1,605183,14282,0,0,0,0,0,0,0,0,0,LF
Rangel Ravelo,OAK,,33,96,23,6,0,3,13,12,8,21,0,0,0,592660,sa548335,0,0,0,0,0,0,0,0,0,
Dustin Garneau,OAK,NL,22,77,18,4,0,2,8,9,5,19,0,0,0,572863,9433,22,0,0,0,0,0,0,0,0,C
Tony Wolters,COL,NL,83,291,71,16,3,4,33,35,27,75,0,5,2,547172,11470,77,0,4,1,0,0,0,0,0,C
Darin Ruf,LAD,,46,122,28,5,0,5,13,16,9,34,0,0,0,573131,9929,0,0,0,0,0,0,0,0,0,1B
Franklin Barreto,,,53,191,51,8,1,3,25,22,9,41,0,6,3,,sa739765,0,0,0,0,0,0,0,0,0,
Rajai Davis,BOS,AL,17,431,107,21,5,10,64,43,27,95,0,31,7,434658,3708,0,0,0,0,0,6,4,4,14,LF
Ronald Torreyes,NYY,AL,108,154,40,7,3,1,22,15,10,20,0,2,1,591720,11400,0,0,54,26,36,0,0,1,1,3B
Justin Ruggiano,SF,NL,19,81,18,4,0,3,10,10,7,29,0,2,1,448605,7620,0,0,0,0,0,5,2,12,17,RF
Alex Guerrero,LAD,,10,27,7,1,0,1,3,4,1,6,0,0,0,648717,15670,0,0,0,0,0,0,0,0,0,LF|3B
Tyler Collins,DET,AL,49,283,67,10,3,8,30,33,24,75,0,4,2,607385,12723,0,0,0,0,0,4,26,17,44,LF
Elian Herrera,MIL,,10,28,7,2,0,1,3,3,2,8,0,0,0,467070,5432,0,0,0,0,0,0,0,0,0,2B|3B
Ben Gamel,SEA,AL,134,210,52,10,1,4,27,20,18,53,0,4,2,592325,12160,0,1,0,0,0,85,0,50,131,RF
Jon Jay,KC,NL,141,354,95,18,2,2,47,27,25,74,0,2,1,445055,5227,0,0,0,0,0,64,54,19,111,CF
Hernan Perez,MIL,NL,136,439,115,21,3,10,45,50,17,97,0,25,6,541650,5751,0,2,17,31,7,53,18,30,88,3B
Wilmer Difo,WSH,NL,124,158,41,7,1,2,24,17,12,29,0,8,2,594694,14320,0,0,25,6,57,2,1,3,6,2B
Rafael Bautista,,,37,108,30,3,1,2,15,12,6,24,0,4,0,,sa657400,0,0,0,0,0,0,0,0,0,
Gabriel Guerrero,CIN,,57,151,36,7,1,4,19,16,12,42,0,3,0,602115,sa596948,0,0,0,0,0,0,0,0,0,RF
Derek Norris,TB,AL,53,367,84,19,1,12,45,43,34,107,0,6,2,519083,6867,53,0,0,0,0,0,0,0,0,C
Eliezer Alvarez,PHI,,37,108,29,4,1,1,15,13,6,22,0,2,1,608421,sa657261,0,0,0,0,0,0,0,0,0,
Josh Phegley,OAK,AL,57,179,43,11,0,6,21,23,10,38,0,0,0,572033,9308,56,0,0,0,0,0,0,0,0,C
Marco Hernandez,BOS,AL,21,111,29,4,1,2,14,11,6,26,0,2,0,593523,13154,0,0,6,9,5,0,0,0,0,2B
Ezequiel Carrera,TOR,AL,131,385,97,14,2,7,60,37,32,97,0,12,5,485567,9048,0,0,0,0,0,91,10,27,121,LF
Tony Kemp,HOU,AL,17,139,34,5,2,2,17,12,13,27,0,6,2,643393,14894,0,0,0,0,0,10,4,0,14,2B
Jason Rogers,PIT,,19,50,11,2,1,1,5,5,6,12,0,0,0,595386,11773,0,0,0,0,0,0,0,0,0,1B
Dan Uggla,WSH,,8,26,6,1,0,1,3,3,3,8,0,0,0,462564,3442,0,0,0,0,0,0,0,0,0,2B
Adam LaRoche,CWS,,15,50,11,2,0,2,5,6,6,15,0,0,0,425560,1904,0,0,0,0,0,0,0,0,0,1B|DH
Carlos Ruiz,SEA,AL,54,198,48,9,0,3,20,17,22,31,0,1,1,434563,2579,47,1,0,0,0,0,0,0,0,C
Chris Heisey,WSH,NL,38,137,29,5,0,6,18,16,14,42,0,1,1,502317,3978,0,0,0,0,0,19,0,5,24,RF
Cody Asche,CWS,AL,19,208,49,13,1,6,23,21,16,58,0,2,0,605125,11997,0,2,0,1,0,1,0,0,1,3B
Chris Owings,ARI,NL,97,421,108,22,7,5,48,42,21,96,0,16,3,572008,10030,0,0,22,0,54,1,0,25,26,SS
Jesus Montero,TOR,,10,37,10,1,0,1,4,4,1,8,0,0,0,524968,5514,0,0,0,0,0,0,0,0,0,1B
Matt Szczur,SD,NL,15,128,31,6,0,3,17,14,9,27,0,3,2,519333,11255,0,0,0,0,0,5,1,3,7,LF
Steve Clevenger,SEA,,19,64,16,3,0,1,6,7,6,11,0,0,0,502182,9542,0,0,0,0,0,0,0,0,0,C
John Hicks,DET,AL,60,37,9,3,0,1,4,4,2,11,0,1,0,543308,12547,18,26,0,0,0,0,0,0,0,1B
Teoscar Hernandez,TOR,AL,1,147,34,8,0,5,21,14,12,39,0,6,3,606192,13066,0,0,0,0,0,0,0,1,1,RF
Munenori Kawasaki,CHC,,18,45,11,3,0,0,6,3,5,10,0,2,0,493128,13047,0,0,0,0,0,0,0,0,0,2B
Ramiro Pena,SF,,16,44,11,2,0,1,4,4,2,8,0,0,0,455369,8841,0,0,0,0,0,0,0,0,0,2B
Alex Rios,KC,,30,114,29,6,1,2,12,12,6,24,0,2,1,425567,2090,0,0,0,0,0,0,0,0,0,RF|CF
Jason Castro,MIN,AL,110,396,86,20,2,12,46,42,44,136,0,1,1,488771,8722,108,0,0,0,0,0,0,0,0,C
Jeff Francoeur,MIA,,51,132,33,6,0,4,13,15,7,34,0,1,1,425796,4792,0,0,0,0,0,0,0,0,0,LF
Steve Selsky,BOS,AL,8,80,19,4,0,2,11,10,5,27,0,1,0,592731,12957,0,0,0,2,0,0,1,0,1,LF
Jorge Bonifacio,,,23,74,17,3,1,2,9,8,5,20,0,1,0,,sa547943,0,0,0,0,0,0,0,0,0,
Aaron Altherr,PHI,NL,107,291,66,14,2,8,35,36,26,86,0,8,3,571437,11270,0,0,0,0,0,52,19,50,106,LF
Chris Iannetta,COL,NL,89,198,43,10,0,5,20,23,27,62,0,0,0,455104,8267,78,0,0,1,0,0,0,0,0,C
Grady Sizemore,TB,,13,49,12,3,0,1,5,5,4,12,0,1,1,429713,2197,0,0,0,0,0,0,0,0,0,RF
Michael McKenry,ATL,,20,24,5,1,0,1,3,3,4,9,0,0,0,502374,9628,0,0,0,0,0,0,0,0,0,C
Jed Lowrie,OAK,AL,153,373,93,18,1,5,41,35,34,70,0,0,0,476704,4418,0,0,136,1,0,0,0,0,0,2B
J.J. Hardy,BAL,AL,73,466,118,26,0,10,50,50,27,87,0,0,0,429666,3797,0,0,0,0,71,0,0,0,0,SS
Jabari Blash,LAA,NL,61,131,26,6,0,5,15,14,17,54,0,1,1,518466,11247,0,0,0,0,0,18,0,33,49,LF
Corey Hart,PIT,,14,48,11,2,0,2,5,7,3,14,0,1,0,430611,1945,0,0,0,0,0,0,0,0,0,RF|1B
Ichiro Suzuki,SEA,NL,136,281,75,9,4,1,36,18,22,39,0,8,2,400085,1101,0,0,0,0,0,9,10,16,33,LF
Eduardo Escobar,MIN,AL,129,323,80,18,2,6,34,36,20,69,0,2,2,500871,6153,1,0,9,79,16,2,0,0,2,SS
Jake Smolinski,OAK,AL,16,236,57,9,2,6,27,26,18,44,0,2,1,519295,5408,0,0,0,0,0,1,9,1,11,LF
Juan Lagares,NYM,NL,94,245,63,10,3,4,26,21,13,49,0,6,3,501571,5384,0,0,0,0,0,0,85,0,85,CF
Delino DeShields,TEX,AL,120,240,56,11,2,3,42,19,27,68,0,15,5,592261,11379,0,0,0,0,0,60,51,0,106,LF
Travis Jankowski,SD,NL,27,498,123,18,4,4,68,28,54,128,0,38,14,608671,13768,0,0,0,0,0,19,4,3,24,RF
Aneury Tavarez,BAL,,25,81,20,3,0,2,9,8,5,20,0,2,1,606477,sa598684,0,0,0,0,0,0,0,0,0,
Alex Presley,DET,AL,71,41,10,2,1,1,4,3,3,8,0,1,1,502100,5305,0,0,0,0,0,13,19,36,65,LF
Jose Iglesias,DET,AL,130,472,127,23,1,3,53,34,27,54,0,9,5,578428,10231,0,0,0,0,130,0,0,0,0,SS
Hernan Iribarren,CIN,,21,48,12,2,1,0,5,3,3,10,0,1,1,454975,4177,0,0,0,0,0,0,0,0,0,2B
Leonys Martin,DET,NL,15,510,124,18,3,11,63,45,38,133,0,25,7,547982,11846,0,0,0,0,0,4,5,4,12,CF
Anthony Recker,MIN,NL,6,87,19,5,0,2,8,11,11,30,0,0,0,489232,4063,4,0,0,0,0,0,0,0,0,C
Kurt Suzuki,ATL,NL,81,217,55,12,0,3,19,27,14,30,0,0,0,435559,8259,77,0,0,0,0,0,0,0,0,C
Kyle Farmer,,,34,104,25,7,0,2,11,12,8,24,0,0,0,,sa620958,0,0,0,0,0,0,0,0,0,
Cam Gallagher,,,35,106,26,6,0,2,11,12,8,23,0,0,0,,sa597771,0,0,0,0,0,0,0,0,0,
Billy Hamilton,CIN,NL,139,499,127,19,5,4,75,31,41,106,0,64,11,571740,10199,0,0,0,0,0,0,137,0,137,CF
Pat Valaika,COL,NL,110,71,17,5,0,2,9,8,3,19,0,1,0,642162,14885,0,5,8,19,22,5,0,0,5,SS
Jose Lobaton,WSH,NL,51,144,33,5,1,4,14,14,15,35,0,0,0,446653,4243,50,0,0,0,0,0,0,0,0,C
Orlando Arcia,MIL,NL,153,531,131,26,6,9,58,52,33,117,0,20,4,606115,13185,0,0,0,0,152,0,0,0,0,SS
Erik Gonzalez,CLE,AL,60,81,22,4,0,1,10,7,4,22,0,2,2,570481,13369,0,0,36,8,11,1,0,0,1,SS
Phillip Ervin,,,23,66,15,2,0,2,10,8,8,16,0,3,1,,sa708965,0,0,0,0,0,0,0,0,0,
Joey Butler,CLE,,11,34,8,1,0,1,4,3,3,10,0,0,0,542994,7799,0,0,0,0,0,0,0,0,0,DH|LF
Socrates Brito,ARI,,57,183,45,7,3,4,22,19,7,40,0,5,2,593647,12944,0,0,0,0,0,0,0,0,0,RF
Nick Swisher,ATL,,9,33,7,1,0,1,3,4,3,10,0,0,0,430897,4599,0,0,0,0,0,0,0,0,0,1B|LF
Alberto Callaspo,LAD,,24,81,19,3,0,1,8,8,9,12,0,1,0,430948,3336,0,0,0,0,0,0,0,0,0,3B|2B
Gordon Beckham,SEA,AL,11,75,18,4,0,1,8,9,6,14,0,0,0,493596,9015,0,0,5,1,4,0,0,0,0,2B
Matt Skole,WSH,,39,115,26,4,0,3,16,16,13,34,0,0,0,605474,sa526563,0,0,0,0,0,0,0,0,0,
Mitch Garver,,,19,56,13,4,0,1,5,7,5,15,0,0,0,,sa578988,0,0,0,0,0,0,0,0,0,
Miguel Gomez,,,34,106,27,6,0,2,11,12,5,22,0,0,0,,sa657484,0,0,0,0,0,0,0,0,0,
Shawn Zarraga,,,54,140,33,7,0,3,15,16,12,35,0,0,0,,sa456095,0,0,0,0,0,0,0,0,0,
Brett Phillips,,,58,173,37,5,1,5,23,22,20,59,0,4,1,,sa658005,0,0,0,0,0,0,0,0,0,
Pedro Severino,WSH,NL,17,40,10,2,0,1,4,4,3,7,0,0,0,600474,14523,10,0,0,0,0,0,0,0,0,C
Mason Williams,NYY,AL,5,46,12,2,0,1,6,5,3,10,0,1,0,592863,11859,0,0,0,0,0,0,5,1,5,CF
Peter O'Brien,LAD,,74,227,48,9,1,13,26,34,10,80,0,0,0,598284,13288,0,0,0,0,0,0,0,0,0,LF
Jimmy Paredes,PHI,,28,74,18,4,0,2,8,8,4,22,0,1,1,517370,5481,0,0,0,0,0,0,0,0,0,2B
Dariel Alvarez,BAL,,17,50,13,4,0,1,5,5,3,9,0,0,0,645848,15580,0,0,0,0,0,0,0,0,0,RF
Cristhian Adames,COL,NL,12,194,49,7,2,2,21,17,16,37,0,3,3,542436,6013,0,1,1,0,1,0,0,0,0,2B
Johnny Giavotella,BAL,AL,7,86,23,4,0,1,11,8,5,10,0,1,0,543213,6740,0,0,5,0,0,0,0,0,0,2B
Dalton Pompey,TOR,,81,160,38,8,1,3,33,13,14,39,0,16,6,592647,12797,0,0,0,0,0,0,0,0,0,LF
Jett Bandy,MIL,NL,60,313,73,14,0,12,35,40,16,69,0,2,1,542908,12508,50,0,0,0,0,0,0,0,0,C
Shawn O'Malley,SEA,,55,163,40,6,2,2,21,15,15,41,0,6,2,502523,9629,0,0,0,0,0,0,0,0,0,2B
Austin Barnes,LAD,NL,102,129,30,6,0,2,15,11,14,27,0,3,1,605131,12158,55,0,21,1,0,0,0,0,0,2B
Christian Colon,MIA,AL,7,165,43,8,0,1,17,15,13,26,0,4,2,518568,11145,0,0,6,0,0,0,0,0,0,2B
Xavier Scruggs,MIA,,14,41,9,2,0,1,4,4,4,13,0,0,0,489305,7409,0,0,0,0,0,0,0,0,0,1B
Charlie Tilson,CWS,,127,450,116,15,5,5,52,33,28,84,0,19,6,605508,12983,0,0,0,0,0,0,0,0,0,CF
Ike Davis,NYY,,11,30,6,1,0,1,3,4,4,10,0,0,0,477195,8433,0,0,0,0,0,0,0,0,0,1B
Jared Hoying,TEX,AL,36,60,14,3,0,2,8,7,4,15,0,2,0,592419,10882,0,0,0,0,0,1,25,10,36,LF
Darwin Barney,TOR,AL,129,197,49,9,1,3,23,16,13,32,0,2,1,446381,2430,0,0,73,44,10,4,0,0,4,2B
Chris Bostick,,,54,155,38,7,1,2,19,15,11,36,0,3,1,,sa602694,0,0,0,0,0,0,0,0,0,
Danny Espinosa,NYY,AL,77,487,105,18,1,18,60,57,44,161,0,8,2,457787,9219,0,0,71,0,0,0,0,0,0,2B
Zack Granite,,,35,112,28,3,1,2,13,10,9,23,0,5,1,,sa738899,0,0,0,0,0,0,0,0,0,
Martin Maldonado,LAA,AL,138,323,68,11,0,10,31,34,41,86,0,1,0,455117,6887,137,1,0,0,0,0,0,0,0,C
Alexi Amarista,COL,NL,96,123,32,4,1,1,12,13,8,20,0,5,1,506560,9063,0,0,19,1,18,5,9,9,22,SS
Matt Olson,OAK,AL,59,75,15,4,0,2,9,7,11,21,0,0,0,621566,14344,0,43,0,0,0,0,0,12,12,LF
D.J. Peterson,CIN,,19,62,14,3,0,2,7,8,4,18,0,0,0,592637,sa549926,0,0,0,0,0,0,0,0,0,3B
Jaycob Brugman,,,33,101,24,5,1,2,12,12,7,25,0,1,1,,sa550136,0,0,0,0,0,0,0,0,0,
Peter Bourjos,TB,AL,100,249,59,13,4,4,32,18,15,67,0,6,3,488721,2578,0,0,0,0,0,41,37,14,86,RF
Ivan De Jesus,CIN,,24,61,15,3,0,0,6,6,5,16,0,0,0,474443,9886,0,0,0,0,0,0,0,0,0,2B
Chad Pinder,OAK,AL,87,170,41,10,1,4,20,19,9,44,0,2,1,640461,15191,0,0,16,0,22,2,7,35,41,2B
Jerry Sands,CWS,,11,29,7,1,0,1,2,4,2,10,0,0,0,543742,4016,0,0,0,0,0,0,0,0,0,LF
Breyvic Valera,,,30,88,23,3,0,1,10,9,5,14,0,1,0,,sa546472,0,0,0,0,0,0,0,0,0,
Max Muncy,OAK,,34,104,21,4,1,3,12,9,14,27,0,1,0,571970,13301,0,0,0,0,0,0,0,0,0,1B
James McCann,DET,AL,106,376,90,15,2,10,34,45,21,104,0,1,0,543510,12859,103,0,0,0,0,0,0,0,0,C
A.J. Jimenez,,,35,97,23,5,0,2,10,12,6,21,0,0,0,,sa454887,0,0,0,0,0,0,0,0,0,
Brett Wallace,SD,,41,90,19,4,0,3,9,9,9,32,0,0,0,477165,8434,0,0,0,0,0,0,0,0,0,1B
Willy Garcia,,,39,120,27,6,1,4,14,13,8,37,0,1,0,,sa547734,0,0,0,0,0,0,0,0,0,
Skip Schumaker,SD,,14,28,7,2,0,0,3,2,3,6,0,0,0,435401,3704,0,0,0,0,0,0,0,0,0,LF|2B
Franchy Cordero,,,37,116,27,4,1,3,14,11,8,34,0,3,2,,sa657481,0,0,0,0,0,0,0,0,0,
Adeiny Hechavarria,TB,NL,20,521,135,19,7,4,55,45,29,83,0,6,2,588751,10459,0,0,0,0,19,0,0,0,0,3B
Freddy Galvis,SD,NL,162,510,124,21,3,13,53,53,23,110,0,12,4,520471,6609,0,0,0,0,155,1,1,0,2,3B
Jesmuel Valentin,PHI,,24,74,18,4,0,1,8,6,5,16,0,1,0,621044,sa657867,0,0,0,0,0,0,0,0,0,
Drew Stubbs,SF,NL,10,85,18,3,1,2,11,8,9,32,0,5,2,453211,9328,0,0,0,0,0,0,10,0,10,RF
Carlos Asuaje,SD,NL,89,124,30,7,1,2,13,12,9,26,0,2,1,641319,15197,0,1,84,0,0,0,0,0,0,SS
Ben Revere,LAA,AL,109,374,101,11,5,1,47,26,18,37,0,21,5,519184,4712,0,0,0,0,0,78,6,0,82,LF
Nick Williams,,,12,47,11,3,0,1,6,5,2,14,0,0,0,,sa657981,0,0,0,0,0,0,0,0,0,
Matt Davidson,CWS,AL,118,175,39,8,0,5,20,23,14,61,0,0,0,571602,7226,0,19,0,34,0,0,0,0,0,3B
JaCoby Jones,DET,AL,56,286,67,14,3,6,33,29,18,105,0,8,3,592444,14818,0,0,0,0,0,0,51,1,51,3B
Michael Taylor,WSH,NL,118,253,57,11,0,7,29,26,18,87,0,12,3,572191,11489,0,0,0,0,0,0,111,2,113,CF
Dioner Navarro,TOR,,61,201,46,8,1,5,19,23,16,41,0,1,1,425900,3179,0,0,0,0,0,0,0,0,0,C
Alexei Ramirez,TB,,90,328,82,17,1,5,30,34,15,42,0,8,4,493351,5133,0,0,0,0,0,0,0,0,0,SS
Shane Peterson,TB,AL,30,28,6,1,0,1,3,3,2,8,0,0,0,451089,7423,0,0,0,0,0,15,0,5,20,LF
Grant Green,WSH,NL,2,26,6,1,0,0,3,3,1,5,0,0,0,502205,10053,0,0,2,0,0,0,0,0,0,2B
Erick Aybar,SD,NL,108,300,77,15,1,2,31,26,18,44,0,6,3,430947,4082,0,0,0,0,99,0,0,0,0,SS
Ramon Torres,,,35,113,28,6,1,1,12,10,7,21,0,2,0,,sa547940,0,0,0,0,0,0,0,0,0,
Austin Romine,NYY,AL,80,173,41,10,0,4,18,22,8,36,0,1,0,519222,5491,67,12,0,0,0,0,0,0,0,C
Tomas Nido,,,34,105,24,6,0,2,10,12,8,24,0,0,0,,sa658115,0,0,0,0,0,0,0,0,0,
Brayan Pena,STL,,24,72,19,4,0,0,4,5,5,8,0,0,0,430910,3231,0,0,0,0,0,0,0,0,0,C
Jake Elmore,MIL,,16,33,8,1,0,0,3,2,5,6,0,1,1,518653,7290,0,0,0,0,0,0,0,0,0,3B
Destin Hood,MIA,,26,74,17,4,0,2,8,8,4,22,0,1,1,543329,9887,0,0,0,0,0,0,0,0,0,LF
Nate McLouth,WSH,,14,51,11,2,0,1,5,5,5,14,0,1,1,434661,3190,0,0,0,0,0,0,0,0,0,LF|CF
Yan Gomes,CLE,AL,105,380,85,20,1,14,42,52,16,103,0,0,0,543228,9627,103,0,0,0,0,0,0,0,0,C
Preston Tucker,ATL,,28,103,23,6,0,3,12,11,7,27,0,0,0,605512,13633,0,0,0,0,0,0,0,0,0,LF
Carl Crawford,LAD,,14,42,10,2,1,1,5,4,2,7,0,1,1,408307,1201,0,0,0,0,0,0,0,0,0,LF
Rusney Castillo,BOS,,14,31,8,2,0,0,5,2,2,7,0,1,0,628329,17016,0,0,0,0,0,0,0,0,0,RF
Michael Morse,SF,NL,24,42,9,2,0,1,3,4,3,12,0,0,0,434604,3035,0,10,0,0,0,1,0,0,1,1B
Jesus Aguilar,MIL,NL,133,56,12,3,0,2,5,7,5,17,0,0,0,542583,11342,0,77,0,1,0,0,0,0,0,1B
Alcides Escobar,KC,AL,162,609,159,24,6,5,62,51,25,87,0,17,4,444876,6310,0,0,0,0,162,0,0,0,0,SS
Ryan Flaherty,BAL,AL,23,211,46,9,1,5,24,23,20,60,0,1,0,475247,7888,0,0,12,5,5,1,0,1,2,3B
Michael Bourn,BAL,,68,252,61,9,3,2,28,21,20,63,0,8,3,456422,6387,0,0,0,0,0,0,0,0,0,CF
Austin Nola,MIA,,36,114,27,6,1,1,12,10,9,23,0,1,0,543592,sa577789,0,0,0,0,0,0,0,0,0,
Darrell Ceciliani,TOR,AL,3,62,14,3,0,2,7,6,4,18,0,2,1,571553,9954,0,0,0,0,0,1,1,0,2,LF
Garrett Jones,NYY,,8,21,5,1,0,1,2,2,1,5,0,0,0,434540,2714,0,0,0,0,0,0,0,0,0,1B|RF
Ryan Goins,TOR,AL,143,182,42,8,2,3,19,18,13,44,0,2,1,572365,9807,0,0,56,8,87,0,0,0,0,2B
Efren Navarro,DET,AL,23,21,5,1,0,0,2,2,2,4,0,0,0,519068,9854,0,20,0,0,0,0,0,0,0,LF|1B
JT Riddle,,,29,90,23,3,0,1,10,10,4,18,0,1,0,,sa550025,0,0,0,0,0,0,0,0,0,
Yairo Munoz,STL,,53,159,37,7,1,3,18,15,10,35,0,2,1,622168,sa657210,0,0,0,0,0,0,0,0,0,3B
Jon Singleton,HOU,,7,24,4,1,0,1,3,3,3,9,0,0,0,572138,10441,0,0,0,0,0,0,0,0,0,1B
Christian Vazquez,BOS,AL,99,225,54,12,1,2,25,19,16,47,0,1,1,543877,9774,95,0,0,2,0,0,0,0,0,C
Matt McBride,OAK,,13,32,7,2,0,1,3,3,2,7,0,0,0,473724,9373,0,0,0,0,0,0,0,0,0,1B
Johan Camargo,,,38,120,29,6,1,1,13,11,7,26,0,1,0,,sa657234,0,0,0,0,0,0,0,0,0,
Allen Craig,BOS,,6,21,5,1,0,0,2,2,2,6,0,0,0,501800,3433,0,0,0,0,0,0,0,0,0,RF|1B
Eury Perez,PIT,,6,19,5,1,0,0,2,2,1,4,0,1,0,516811,10299,0,0,0,0,0,0,0,0,0,LF|CF
Kevin Plawecki,NYM,NL,37,128,29,5,0,2,9,13,12,29,0,0,0,608700,13807,29,2,0,0,0,0,0,0,0,C
J.B. Shuck,CWS,,33,92,22,3,1,1,11,8,6,9,0,2,1,543776,6677,0,0,0,0,0,0,0,0,0,RF
Ramon Cabrera,CIN,,24,81,20,4,0,1,6,9,4,14,0,0,0,541608,10327,0,0,0,0,0,0,0,0,0,C
Ruben Tejada,BAL,AL,41,55,13,3,0,0,6,5,5,11,0,0,0,514913,5519,0,0,4,6,36,0,0,0,0,3B
Daniel Robertson,CLE,AL,32,78,18,4,0,1,8,7,7,19,0,0,0,543706,6266,0,0,0,0,0,10,2,17,27,LF
Eric Campbell,NYM,,16,40,9,1,0,1,5,5,5,10,0,1,0,493472,6938,0,0,0,0,0,0,0,0,0,1B
Mikie Mahtook,DET,AL,109,288,66,14,1,7,31,26,15,90,0,5,3,543484,13130,0,0,0,0,0,19,67,25,105,LF
Drew Butera,KC,AL,75,131,30,7,0,3,14,12,9,35,0,0,0,460077,3411,74,4,0,0,0,0,0,0,0,C
Eric Sogard,MIL,NL,94,35,9,1,0,0,4,3,3,5,0,1,0,519299,7927,0,0,60,7,26,1,0,0,1,2B
Dustin Ackley,NYY,,30,80,18,3,1,2,10,9,7,14,0,1,1,554429,10099,0,0,0,0,0,0,0,0,0,LF
Joey Wendle,TB,AL,8,209,52,8,1,3,24,20,10,47,0,5,1,621563,13853,0,0,5,0,0,0,0,0,0,2B
Alen Hanson,CWS,AL,69,195,47,6,2,2,22,14,12,39,0,12,4,593700,12926,0,0,13,1,0,8,11,18,36,2B
Donovan Solano,NYY,,13,36,9,2,0,0,4,4,1,7,0,0,0,456781,8623,0,0,0,0,0,0,0,0,0,2B
Omar Narvaez,CWS,AL,90,317,76,11,0,4,31,28,27,51,0,0,0,553882,13338,83,1,0,0,0,0,0,0,0,C
Junior Lake,TOR,,16,40,9,3,0,1,4,4,3,13,0,1,0,516809,4672,0,0,0,0,0,0,0,0,0,LF
Andrew Knapp,,,28,84,19,4,0,2,9,9,6,26,0,0,0,,sa550140,0,0,0,0,0,0,0,0,0,
Jimmy Rollins,CWS,,16,58,13,2,0,1,8,5,6,11,0,2,0,276519,971,0,0,0,0,0,0,0,0,0,SS
Ben Paulsen,COL,,33,92,21,4,1,2,9,10,5,26,0,0,1,572019,9741,0,0,0,0,0,0,0,0,0,1B
Bryce Brentz,PIT,,29,89,22,4,0,2,12,12,4,26,0,0,0,518490,10607,0,0,0,0,0,0,0,0,0,LF
Logan Schafer,MIN,,28,67,15,3,1,0,8,4,6,14,0,1,0,502582,7937,0,0,0,0,0,0,0,0,0,CF
Sam Fuld,OAK,,41,134,29,6,1,2,15,11,14,26,0,5,1,453539,8254,0,0,0,0,0,0,0,0,0,CF|LF
Jaff Decker,OAK,AL,17,30,6,1,0,1,3,2,3,8,0,1,1,543094,7945,0,0,0,0,0,1,12,4,15,LF
Jason Bourgeois,ARI,,9,30,7,1,0,0,3,2,2,4,0,1,0,430652,2225,0,0,0,0,0,0,0,0,0,CF|LF
Leury Garcia,CWS,AL,87,144,36,4,1,2,17,12,7,36,0,8,3,544725,5913,0,0,3,0,2,24,51,6,79,CF
Mike Olt,CWS,,8,24,5,1,0,1,3,3,2,9,0,0,0,592609,10698,0,0,0,0,0,0,0,0,0,3B
Engelb Vielma,BAL,,26,77,18,3,0,1,9,6,7,17,0,2,1,622713,sa657416,0,0,0,0,0,0,0,0,0,
Billy Burns,KC,AL,7,243,63,8,3,1,32,15,11,38,0,15,4,542993,12701,0,0,0,0,0,0,4,1,5,CF
Tomas Telis,MIA,NL,48,36,9,1,0,0,4,4,2,5,0,0,0,542513,10067,6,28,0,0,0,0,0,0,0,C
Andy Wilkins,MIL,,12,23,5,1,0,1,2,3,2,7,0,0,0,519421,11251,0,0,0,0,0,0,0,0,0,1B
Chris Taylor,LAD,NL,140,80,19,4,1,1,9,7,6,21,0,3,1,621035,13757,0,0,22,8,14,48,49,0,96,2B
Danny Santana,ATL,NL,69,266,65,12,4,3,34,20,11,66,0,12,6,542454,10322,0,0,7,4,0,30,3,6,38,SS
Chris Gimenez,MIN,AL,77,101,22,4,0,3,12,10,7,29,0,0,0,460269,7324,59,7,0,1,0,5,0,0,5,C
A.J. Pierzynski,,,30,99,25,6,0,1,7,10,3,12,0,0,0,,746,0,0,0,0,0,0,0,0,0,
Gift Ngoepe,,,54,155,35,7,1,3,18,15,12,43,0,2,1,,sa503029,0,0,0,0,0,0,0,0,0,
Bryan Holaday,DET,AL,13,105,24,6,1,2,11,12,5,28,0,0,0,592407,11287,11,0,1,0,0,0,0,0,0,C
Miguel Rojas,MIA,NL,90,137,34,7,0,1,16,11,8,20,0,1,1,500743,7802,0,2,2,15,77,0,0,0,0,2B
Austin Hedges,SD,NL,120,347,80,15,1,10,37,43,16,82,0,1,2,595978,12976,115,0,0,0,0,0,0,0,0,C
Samir Duenez,KC,,23,69,17,2,0,1,8,9,4,15,0,2,0,642279,sa739574,0,0,0,0,0,0,0,0,0,
Shane Victorino,CHC,,7,20,5,1,0,0,2,1,2,4,0,1,0,425664,1677,0,0,0,0,0,0,0,0,0,RF|CF
Juan Centeno,TEX,AL,22,50,12,2,0,1,4,5,3,10,0,0,0,518542,7168,22,0,0,0,0,0,0,0,0,C
Arismendy Alcantara,CIN,NL,70,114,25,5,1,2,14,11,7,40,0,8,3,570489,10711,0,0,10,4,6,3,7,7,17,2B
Giovanny Urshela,CLE,AL,67,99,24,5,0,1,10,10,4,17,0,0,0,570482,10681,0,2,5,60,5,0,0,0,0,3B
Eric Fryer,STL,NL,34,68,16,3,0,0,8,6,7,18,0,0,0,518700,8145,26,0,0,0,0,0,0,0,0,C
Tyler Moore,MIA,NL,104,40,8,3,0,1,4,5,3,11,0,0,0,489138,7244,0,45,0,0,0,7,0,6,13,1B
Ramon Flores,LAA,AL,3,64,14,2,0,1,6,5,6,14,0,1,0,570717,11165,0,0,0,0,0,0,0,3,3,RF
Adam Engel,,,38,121,27,5,1,2,15,10,10,37,0,6,3,,sa709002,0,0,0,0,0,0,0,0,0,
Carson Kelly,STL,NL,34,137,32,7,0,2,13,12,8,29,0,0,0,608348,13620,31,0,0,0,0,0,0,0,0,C
Casey McGehee,DET,,18,56,14,2,0,0,4,4,4,10,0,0,0,431171,6086,0,0,0,0,0,0,0,0,0,1B
Nick Ahmed,ARI,NL,53,228,53,9,2,3,24,18,14,43,0,4,2,605113,12147,0,0,0,0,48,0,0,0,0,SS
Michael Martinez,TB,AL,15,85,20,4,1,1,11,6,5,20,0,1,1,492841,7358,0,0,3,6,1,0,2,0,2,2B
Hank Conger,TB,,14,39,8,2,1,1,3,4,3,11,0,0,0,474233,2505,0,0,0,0,0,0,0,0,0,C
Reymond Fuentes,ARI,NL,64,23,6,1,0,0,2,2,2,6,0,1,1,571681,10329,0,0,0,0,0,9,41,4,53,RF
Miguel Andujar,,,38,117,26,4,1,3,16,17,6,26,0,1,0,,sa659185,0,0,0,0,0,0,0,0,0,
Christian Bethancourt,SD,NL,8,201,47,10,0,4,20,23,9,49,0,2,1,542194,10028,0,0,1,0,0,0,0,0,0,C
Juan Graterol,LAA,AL,48,63,16,4,0,0,6,7,2,12,0,0,0,492802,5398,47,0,0,0,0,0,0,0,0,C
Trevor Brown,SF,,33,98,22,4,0,2,9,10,6,21,0,0,0,623143,13895,0,0,0,0,0,0,0,0,0,C
Allen Cordoba,,,36,116,28,5,1,1,13,10,7,22,0,3,1,,sa737201,0,0,0,0,0,0,0,0,0,
Taylor Motter,SEA,AL,92,73,15,3,0,2,8,8,7,16,0,2,1,600301,12399,0,15,18,6,39,15,0,5,19,3B
Christian Villanueva,,,23,69,16,2,0,2,8,10,4,15,0,0,0,,sa505993,0,0,0,0,0,0,0,0,0,
James Ramsey,LAD,,7,24,5,1,0,1,2,2,2,10,0,0,1,607256,sa599239,0,0,0,0,0,0,0,0,0,LF
Chase d'Arnaud,SD,NL,11,184,44,8,2,1,20,13,13,38,0,8,3,488818,6652,0,0,0,1,0,4,0,0,4,2B
Ehire Adrianza,MIN,AL,70,52,12,2,0,1,4,5,4,12,0,1,0,501303,8418,0,4,9,9,29,17,0,0,17,2B
Orlando Calixte,SF,NL,29,130,29,5,1,2,18,12,9,28,0,2,1,593525,11905,0,0,0,5,4,9,2,3,11,SS
Chris Johnson,MIA,,34,92,22,3,0,1,8,9,6,28,0,0,0,453400,1191,0,0,0,0,0,0,0,0,0,1B
Boog Powell,,,17,55,13,2,0,0,7,5,4,11,0,2,1,,sa658509,0,0,0,0,0,0,0,0,0,
Nick Buss,LAA,,14,39,8,2,1,0,4,3,2,10,0,1,1,502544,6835,0,0,0,0,0,0,0,0,0,LF
Tyler Goeddel,CIN,,42,135,29,3,2,3,12,12,12,35,0,3,1,595963,13180,0,0,0,0,0,0,0,0,0,LF
Tony Renda,CIN,,36,107,25,5,0,1,11,8,7,16,0,3,1,573113,13443,0,0,0,0,0,0,0,0,0,2B
Dixon Machado,DET,AL,73,105,24,5,0,1,11,9,10,21,0,2,0,553988,11472,0,0,27,5,32,0,0,0,0,2B
Renato Nunez,OAK,AL,8,68,15,3,0,2,6,9,4,16,0,0,0,600524,14503,0,0,0,1,0,3,0,0,3,3B
Alfredo Gonzalez,CWS,,37,109,25,5,0,2,11,10,8,28,0,0,0,554054,sa505301,0,0,0,0,0,0,0,0,0,
Luis Sardinas,BAL,NL,29,294,70,10,2,3,32,25,16,62,0,8,3,596143,13153,0,0,7,4,5,0,0,0,0,3B
Raul Mondesi,KC,AL,25,290,65,8,6,5,35,29,15,90,0,19,3,609275,13769,0,0,14,0,9,0,0,0,0,2B
Nolan Fontana,,,36,109,23,6,0,1,12,10,10,31,0,1,0,,sa657932,0,0,0,0,0,0,0,0,0,
Victor Caratini,,,39,106,24,4,0,2,14,15,7,26,0,0,0,,sa737618,0,0,0,0,0,0,0,0,0,
Carlos Sanchez,CWS,AL,141,117,27,6,1,2,12,12,5,29,0,2,1,570560,11602,0,0,78,52,4,0,0,1,1,2B
Tyler Holt,CIN,,26,56,12,2,1,0,7,3,6,14,0,2,1,534627,11391,0,0,0,0,0,0,0,0,0,LF
Cliff Pennington,LAA,AL,87,197,42,5,1,3,20,15,19,52,0,3,1,460060,3395,0,0,47,18,18,0,0,0,0,2B
Andrew Romine,SEA,AL,124,188,44,5,1,2,23,15,13,45,0,9,3,461865,1159,1,22,27,23,10,18,24,11,51,SS
Gregorio Petit,LAA,,37,113,26,6,0,1,11,9,7,29,0,0,0,463610,3812,0,0,0,0,0,0,0,0,0,2B
Tim Federowicz,SF,NL,13,21,5,1,0,1,2,2,1,6,0,0,0,543148,8609,6,1,0,0,0,0,0,0,0,C
Will Middlebrooks,TEX,AL,22,53,12,3,0,1,5,6,2,15,0,0,0,519025,7002,0,1,0,19,0,0,0,0,0,3B
Mike Baxter,CHC,,8,24,5,1,0,1,2,2,2,7,0,1,0,488689,4464,0,0,0,0,0,0,0,0,0,RF|LF
Francisco Pena,BAL,AL,5,66,15,2,0,2,7,7,4,15,0,0,0,506747,8298,5,0,0,0,0,0,0,0,0,C
Rene Rivera,LAA,NL,20,233,50,9,0,6,16,28,16,66,0,0,0,425784,3648,19,0,0,0,0,0,0,0,0,C
Charlie Culberson,ATL,NL,15,62,14,3,0,1,6,6,3,16,0,1,1,518586,3298,0,0,2,1,11,0,0,0,0,3B
Jonathan Herrera,CHC,,15,51,12,2,0,0,5,5,3,10,0,1,0,468406,4182,0,0,0,0,0,0,0,0,0,2B|3B
Hector Gomez,MIL,,7,23,5,1,0,1,2,2,1,6,0,0,0,467143,2264,0,0,0,0,0,0,0,0,0,2B|SS
Jorge Alfaro,PHI,NL,29,140,31,6,0,3,14,15,6,44,0,0,0,595751,12180,28,2,0,0,0,0,0,0,0,C
Jake Marisnick,HOU,AL,106,222,49,11,1,4,28,19,11,64,0,10,4,545350,11339,0,0,0,0,0,6,93,3,102,LF
Michael Reed,MIL,,21,56,12,2,0,0,7,4,6,18,0,2,1,605439,13228,0,0,0,0,0,0,0,0,0,RF
Luis Torrens,,,36,106,23,5,0,2,10,12,8,27,0,0,0,,sa739618,0,0,0,0,0,0,0,0,0,
Daniel Castro,ATL,,12,38,9,2,0,0,4,3,1,5,0,0,0,593495,15450,0,0,0,0,0,0,0,0,0,2B
Chris Colabello,TOR,,30,107,22,3,0,3,12,11,7,36,0,0,0,499624,13051,0,0,0,0,0,0,0,0,0,1B
Javier Guerra,SD,,53,155,33,6,1,3,18,15,10,44,0,2,1,642770,sa736916,0,0,0,0,0,0,0,0,0,SS
Luke Maile,TOR,AL,46,168,36,9,0,3,15,16,10,43,0,1,1,571912,13355,46,0,0,0,0,0,0,0,0,C
Mike Freeman,CHC,NL,15,75,17,3,0,0,7,5,6,20,0,1,0,502273,11241,0,0,3,0,10,0,0,0,0,2B
Matt Dominguez,TOR,,12,39,9,1,0,1,3,4,2,8,0,0,0,518625,4903,0,0,0,0,0,0,0,0,0,1B
Kristopher Negron,ARI,NL,14,20,4,1,0,0,2,2,1,6,0,1,0,502117,5306,0,2,1,0,5,5,0,0,5,SS|2B
Clint Barmes,KC,,10,25,6,2,0,0,3,2,1,6,0,0,0,425549,1830,0,0,0,0,0,0,0,0,0,SS
Rafael Ortega,LAA,,15,47,11,2,0,0,6,3,3,7,0,2,1,542364,10323,0,0,0,0,0,0,0,0,0,LF
Caleb Joseph,BAL,AL,89,172,37,7,0,4,16,17,11,39,0,0,0,543376,7087,79,0,0,8,0,0,0,0,0,C
Ryan Hanigan,COL,NL,33,102,21,4,0,1,10,10,11,26,0,0,0,452672,4952,30,0,0,0,0,0,0,0,0,C
Ryan Cordell,CWS,,22,65,14,2,0,1,9,8,4,20,0,2,0,641477,sa737938,0,0,0,0,0,0,0,0,0,CF
Stuart Turner,,,19,56,12,3,0,1,6,6,5,15,0,1,0,,sa737625,0,0,0,0,0,0,0,0,0,
Daniel Nava,PHI,NL,80,78,17,3,0,0,7,7,7,21,0,0,0,537953,5450,0,4,0,0,0,42,0,9,49,LF
James Beresford,MIN,,14,39,9,1,0,0,3,2,3,7,0,0,0,503437,4626,0,0,0,0,0,0,0,0,0,2B
Emilio Bonifacio,ATL,NL,38,54,13,2,0,0,6,4,4,13,0,3,1,466988,4054,0,0,0,0,0,8,1,2,10,2B
Omar Infante,KC,,16,57,14,3,0,0,5,5,2,8,0,0,0,408299,1609,0,0,0,0,0,0,0,0,0,2B
Brandon Barnes,COL,,17,43,9,2,0,1,4,4,2,12,0,1,1,488681,629,0,0,0,0,0,0,0,0,0,LF
Emmanuel Burriss,PHI,,13,24,5,1,0,0,3,1,2,3,0,1,0,502034,2917,0,0,0,0,0,0,0,0,0,2B
Jordan Schafer,MIN,,17,35,8,2,0,0,4,2,3,9,0,3,1,457788,9883,0,0,0,0,0,0,0,0,0,CF|LF
Rafael Ynoa,COL,,9,25,6,1,0,0,2,2,1,5,0,0,0,501255,2832,0,0,0,0,0,0,0,0,0,SS
Todd Cunningham,STL,,12,27,6,1,0,0,3,2,2,5,0,1,1,592239,10822,0,0,0,0,0,0,0,0,0,LF
Jacob Stallings,PIT,NL,5,23,5,1,0,0,1,2,1,6,0,0,0,607732,13723,5,0,0,0,0,0,0,0,0,C
Justin Maxwell,MIA,,11,26,5,1,0,1,3,3,2,9,0,0,0,452239,6827,0,0,0,0,0,0,0,0,0,RF|LF
Julio Borbon,BAL,,17,41,10,1,0,0,4,2,2,7,0,2,1,474865,3209,0,0,0,0,0,0,0,0,0,CF
Colin Walsh,MIL,,10,18,3,1,0,0,2,1,4,8,0,0,0,595023,10961,0,0,0,0,0,0,0,0,0,3B
Tuffy Gosewisch,SEA,AL,11,89,18,3,0,2,7,7,5,19,0,0,0,488912,5277,10,1,0,0,0,0,0,0,0,C
Rob Brantly,CWS,AL,14,26,5,1,0,1,3,3,1,6,0,0,0,542963,10655,6,0,0,0,0,0,0,0,0,C
Colin Moran,PIT,AL,7,48,10,2,0,1,4,5,3,14,0,0,0,592567,16909,0,4,0,3,1,0,0,0,0,3B
Mike Aviles,MIA,NL,37,69,15,2,0,1,8,4,4,10,0,1,1,449107,5986,0,2,6,6,15,0,0,1,1,2B
Reid Brignac,ATL,,15,34,7,2,0,0,4,3,3,10,0,0,0,458582,8380,0,0,0,0,0,0,0,0,0,2B
Erik Kratz,NYY,AL,4,43,8,2,0,1,4,5,3,12,0,0,0,456124,4403,2,0,0,0,0,0,0,0,0,C
Jesus Sucre,TB,AL,63,68,15,2,0,1,7,5,4,17,0,0,0,491696,5942,61,0,0,0,0,0,0,0,0,C
Tony Sanchez,ATL,NL,1,24,5,1,0,0,3,2,2,7,0,0,0,506997,6178,0,0,0,0,0,0,0,0,0,C
Jemile Weeks,SD,,11,35,7,1,1,0,4,2,3,8,0,1,0,457789,2498,0,0,0,0,0,0,0,0,0,2B
Patrick Kivlehan,CIN,NL,115,25,5,1,0,1,3,2,1,10,0,0,0,623182,13910,0,12,0,7,0,11,4,29,43,3B
Micah Johnson,TB,NL,18,54,12,2,0,0,6,3,4,14,0,2,1,608672,13809,0,0,0,0,0,3,0,0,3,2B
Max Stassi,HOU,AL,14,49,10,2,0,1,4,4,2,16,0,0,0,545358,10059,11,1,0,0,0,0,0,0,0,C
David Lough,PHI,,16,33,7,2,0,0,3,2,2,5,0,0,0,518953,7215,0,0,0,0,0,0,0,0,0,LF
Jacob May,,,37,108,24,3,0,1,15,12,5,26,0,2,1,,sa550097,0,0,0,0,0,0,0,0,0,
Pedro Ciriaco,TEX,,8,22,5,1,0,0,2,2,0,4,0,1,0,465674,5278,0,0,0,0,0,0,0,0,0,3B|2B
Hanser Alberto,TEX,,28,86,20,3,0,1,8,8,2,16,0,1,0,593643,11902,0,0,0,0,0,0,0,0,0,2B
Jack Reinheimer,,,30,89,20,3,0,1,10,9,5,20,0,2,0,,sa549854,0,0,0,0,0,0,0,0,0,
Kevan Smith,CWS,AL,87,133,26,5,0,4,12,11,8,35,0,0,0,607345,12284,79,0,0,0,0,0,0,0,0,C
Craig Gentry,BAL,AL,77,57,12,2,0,0,6,4,5,13,0,2,1,502226,9571,0,0,0,0,0,30,9,31,68,LF
Oscar Hernandez,ARI,,26,80,16,3,0,3,7,8,3,18,0,1,0,591712,13490,0,0,0,0,0,0,0,0,0,C
Shane Robinson,LAA,AL,20,51,11,2,0,0,6,3,4,9,0,1,0,453203,4249,0,0,0,0,0,4,5,8,17,LF
Josh Thole,ARI,,16,41,9,1,0,0,3,3,4,8,0,0,0,489365,9689,0,0,0,0,0,0,0,0,0,C
Jordan Pacheco,CIN,,11,22,5,1,0,0,2,1,1,5,0,0,0,457574,2677,0,0,0,0,0,0,0,0,0,2B
Jeff Mathis,ARI,NL,60,217,45,8,1,3,18,22,11,69,0,0,0,425772,3448,58,0,0,0,0,0,0,0,0,C
Darnell Sweeney,LAD,,7,26,5,1,0,0,3,2,2,8,0,1,1,572182,13284,0,0,0,0,0,0,0,0,0,2B|LF
Bobby Wilson,TB,,26,77,16,2,0,1,6,6,5,21,0,0,0,435064,6564,0,0,0,0,0,0,0,0,0,C
Will Venable,LAD,,18,42,8,2,0,1,5,3,3,11,0,1,0,461416,211,0,0,0,0,0,0,0,0,0,RF
Ryan LaMarre,OAK,AL,3,32,6,1,0,1,3,2,2,10,0,1,0,534606,10700,0,0,0,0,0,0,3,0,3,CF
Justin O'Conner,TB,,17,48,11,1,0,1,4,5,2,16,0,1,0,592604,sa548314,0,0,0,0,0,0,0,0,0,C
Anthony Gose,HOU,,28,99,20,3,1,1,11,7,8,37,0,3,2,543238,5097,0,0,0,0,0,0,0,0,0,LF
Paul Janish,BAL,AL,14,38,8,1,0,0,3,2,3,6,0,0,0,457926,7412,0,0,0,0,14,0,0,0,0,3B
Pete Kozma,TEX,AL,11,19,4,1,0,0,2,1,1,4,0,0,0,518902,2539,0,0,1,0,9,0,0,0,0,2B
Jose Rondon,CWS,,22,71,15,3,0,1,6,6,3,14,0,1,0,602922,14140,0,0,0,0,0,0,0,0,0,SS
Adam Moore,CLE,,14,25,5,1,0,0,2,3,1,9,0,0,0,446192,9362,0,0,0,0,0,0,0,0,0,C
Juniel Querecuto,TB,,8,25,5,1,1,0,2,3,1,7,0,0,0,578570,12140,0,0,0,0,0,0,0,0,0,3B
Alberto Rosario,STL,NL,3,20,5,1,0,0,2,1,1,3,0,0,0,451705,7125,0,0,0,0,0,0,0,0,0,C
Matt den Dekker,DET,AL,4,29,6,1,0,0,3,3,3,9,0,1,1,544925,11385,0,0,0,0,0,1,0,2,3,LF
Kaleb Cowart,LAA,AL,50,119,24,6,0,1,11,11,6,35,0,3,0,592230,11494,0,0,30,24,0,0,0,0,0,3B
Deven Marrero,BOS,AL,71,38,8,1,0,0,4,3,3,11,0,1,0,571918,13325,0,1,11,53,6,0,0,0,0,3B
Jose Pirela,SD,NL,83,83,17,3,1,1,8,6,4,18,0,0,1,517369,5485,0,5,7,1,0,68,0,4,71,2B
Andrew Lambo,OAK,,13,23,5,1,0,0,2,2,1,5,0,0,0,518911,5386,0,0,0,0,0,0,0,0,0,LF
Elias Diaz,PIT,NL,64,53,11,2,0,0,3,7,2,11,0,0,0,553869,11680,55,0,0,0,0,0,0,0,0,C
Brendan Ryan,LAA,,20,33,7,1,0,0,3,2,2,9,0,1,0,453895,6073,0,0,0,0,0,0,0,0,0,SS
Tony Cruz,KC,,20,31,6,1,0,0,2,4,2,9,0,0,0,488810,2802,0,0,0,0,0,0,0,0,0,C
Taylor Featherston,TB,AL,17,26,5,1,0,0,3,2,2,9,0,1,0,605227,12590,0,2,11,2,3,0,0,0,0,2B
Guillermo Quiroz,CLE,,7,22,4,1,0,0,1,2,1,4,0,0,0,425565,7989,0,0,0,0,0,0,0,0,0,C
Pedro Florimon,PHI,NL,15,25,5,1,0,0,3,2,2,9,0,1,1,465753,8385,0,0,1,1,2,1,8,2,11,SS
Tyler Ladendorf,OAK,,30,64,13,2,1,0,7,4,3,15,0,1,0,502285,3211,0,0,0,0,0,0,0,0,0,2B
Yadiel Rivera,MIL,NL,1,84,17,3,1,0,9,6,3,23,0,1,0,592680,11863,0,0,0,1,0,0,0,0,0,2B
Eric Young,LAA,AL,47,22,4,1,0,0,7,1,1,4,0,4,0,458913,7158,0,0,0,0,0,22,15,2,34,LF
Bubba Starling,KC,,20,59,11,3,0,0,7,6,2,20,0,1,0,605490,sa597751,0,0,0,0,0,0,0,0,0,CF
Darin Mastroianni,MIN,,10,22,4,1,0,0,2,1,2,6,0,1,0,518991,7316,0,0,0,0,0,0,0,0,0,RF
Andrew Burns,TOR,,92,115,17,3,0,2,24,9,5,33,0,0,0,542992,12779,0,0,0,0,0,0,0,0,0,SS
Terrance Gore,KC,AL,12,53,9,1,0,0,16,2,3,14,0,23,4,605253,13658,0,0,0,0,0,2,0,0,2,LF
Chris Stewart,ATL,NL,51,137,0,0,0,0,0,0,0,0,0,0,0,455755,3878,48,0,0,0,0,0,0,0,0,C
